Jerky_ID,Time,Temp,Humidity,Weight,fitted_weights
"7,4",0,18.5,29.8,1.0,0.9751112191825312
"7,4",0,18.2,23.5,0.995697074010327,0.9734850557956134
"7,4",1,17.9,23.7,0.9931153184165232,0.9718638706876428
"7,4",2,18.0,23.7,0.9905335628227194,0.9702476486182927
"7,4",3,17.9,23.9,0.9879518072289156,0.9686363743938924
"7,4",4,18.0,24.0,0.9862306368330465,0.9670300328672851
"7,4",5,18.0,24.1,0.9836488812392427,0.9654286089376843
"7,4",6,18.2,24.0,0.9819277108433735,0.9638320875505331
"7,4",7,18.0,24.5,0.9793459552495697,0.9622404536973617
"7,4",8,18.0,24.6,0.9776247848537005,0.9606536924156468
"7,4",9,17.9,24.6,0.9750430292598967,0.9590717887886709
"7,4",10,18.3,24.2,0.9733218588640276,0.9574947279453822
"7,4",12,18.0,24.7,0.9698795180722891,0.9559224950602541
"7,4",13,18.3,24.3,0.9672977624784854,0.9543550753531467
"7,4",14,17.8,25.2,0.9655765920826161,0.9527924540891675
"7,4",15,17.8,25.2,0.963855421686747,0.9512346165785327
"7,4",16,18.1,24.9,0.9621342512908778,0.9496815481764295
"7,4",17,18.0,25.0,0.9604130808950087,0.9481332342828781
"7,4",18,18.0,25.1,0.9586919104991394,0.9465896603425945
"7,4",19,18.0,25.2,0.9569707401032702,0.9450508118448538
"7,4",20,18.1,25.3,0.955249569707401,0.9435166743233538
"7,4",21,18.3,25.3,0.9535283993115319,0.9419872333560786
"7,4",22,18.3,25.5,0.9518072289156626,0.9404624745651639
"7,4",23,18.3,25.7,0.9492254733218589,0.9389423836167607
"7,4",24,18.3,25.7,0.9475043029259896,0.9374269462209017
"7,4",25,18.4,25.7,0.9457831325301205,0.9359161481313657
"7,4",26,18.4,26.0,0.9449225473321858,0.934409975145545
"7,4",27,18.4,26.1,0.9423407917383821,0.9329084131043113
"7,4",28,18.6,27.1,0.9414802065404475,0.9314114478918818
"7,4",29,18.7,33.6,0.9397590361445783,0.9299190654356881
"7,4",30,19.2,29.0,0.9388984509466437,0.9284312517062425
"7,4",31,20.0,29.8,0.9380378657487092,0.926947992717007
"7,4",32,20.0,28.4,0.9371772805507745,0.9254692745242614
"7,4",33,20.0,27.4,0.9345955249569707,0.9239950832269723
"7,4",34,19.7,27.5,0.9328743545611016,0.9225254049666624
"7,4",35,19.7,27.5,0.9311531841652324,0.9210602259272802
"7,4",36,19.7,27.5,0.9294320137693631,0.9195995323350703
"7,4",37,20.0,26.9,0.927710843373494,0.9181433104584438
"7,4",38,19.7,27.4,0.9259896729776248,0.9166915466078489
"7,4",39,19.8,27.2,0.9242685025817556,0.915244227135643
"7,4",40,20.0,27.3,0.9225473321858864,0.9138013384359636
"7,4",41,20.8,26.4,0.9216867469879518,0.9123628669446007
"7,4",42,20.2,27.4,0.9199655765920827,0.9109287991388693
"7,4",43,20.2,27.4,0.9182444061962134,0.9094991215374824
"7,4",44,20.2,27.4,0.9165232358003442,0.9080738207004239
"7,4",45,20.4,27.3,0.9148020654044751,0.9066528832288228
"7,4",46,20.4,27.4,0.9130808950086059,0.9052362957648267
"7,4",47,20.3,27.5,0.9113597246127366,0.9038240449914765
"7,4",48,20.3,27.6,0.9096385542168675,0.9024161176325813
"7,4",49,20.4,27.6,0.9079173838209983,0.9010125004525932
"7,4",50,20.4,27.6,0.9061962134251291,0.8996131802564833
"7,4",51,20.3,27.7,0.9044750430292599,0.8982181438896176
"7,4",52,20.3,27.7,0.9027538726333907,0.896827378237633
"7,4",53,20.2,27.7,0.9010327022375215,0.8954408702263145
"7,4",54,20.2,27.7,0.8993115318416524,0.8940586068214718
"7,4",55,20.1,27.7,0.8975903614457831,0.8926805750288169
"7,4",56,20.1,27.7,0.8958691910499139,0.8913067618938424
"7,4",57,20.0,27.7,0.8941480206540448,0.8899371545016994
"7,4",58,20.1,27.6,0.8924268502581756,0.8885717399770758
"7,4",59,20.0,27.7,0.8907056798623064,0.8872105054840754
"7,4",60,19.9,27.8,0.8889845094664371,0.8858534382260979
"7,4",61,19.9,27.7,0.887263339070568,0.8845005254457173
"7,4",62,19.9,27.5,0.8864027538726333,0.8831517544245635
"7,4",63,19.8,27.7,0.8846815834767642,0.8818071124832016
"7,4",64,19.8,27.6,0.882960413080895,0.8804665869810131
"7,4",65,19.7,27.6,0.8812392426850258,0.8791301653160768
"7,4",66,19.9,27.4,0.8795180722891566,0.877797834925051
"7,4",67,19.8,27.6,0.8777969018932874,0.8764695832830547
"7,4",68,19.7,27.8,0.8760757314974182,0.8751453979035504
"7,4",69,19.8,27.7,0.8752151462994836,0.873825266338226
"7,4",70,20.2,27.1,0.8734939759036144,0.8725091761768786
"7,4",71,19.7,27.9,0.8717728055077453,0.8711971150472972
"7,4",72,19.6,27.8,0.8700516351118761,0.869889070615147
"7,4",73,19.6,27.8,0.8683304647160068,0.8685850305838527
"7,4",74,19.8,27.5,0.8674698795180723,0.8672849826944837
"7,4",75,19.5,27.7,0.8657487091222031,0.8659889147256379
"7,4",76,19.5,27.7,0.8640275387263339,0.8646968144933279
"7,4",77,19.4,27.7,0.8623063683304647,0.8634086698508656
"7,4",78,19.5,27.5,0.8614457831325302,0.8621244686887486
"7,4",79,19.5,27.4,0.8597246127366609,0.8608441989345459
"7,4",80,19.5,27.5,0.8580034423407917,0.8595678485527847
"7,4",81,19.5,27.5,0.8571428571428571,0.8582954055448371
"7,4",82,19.5,27.4,0.8554216867469879,0.8570268579488074
"7,4",83,19.6,27.3,0.8537005163511188,0.8557621938394195
"7,4",84,19.6,27.4,0.8528399311531841,0.8545014013279055
"7,4",85,19.6,27.3,0.851118760757315,0.8532444685618925
"7,4",86,19.5,27.4,0.8502581755593803,0.8519913837252926
"7,4",87,19.7,27.1,0.8485370051635112,0.8507421350381912
"7,4",88,19.7,27.1,0.846815834767642,0.8494967107567359
"7,4",89,19.6,27.0,0.8459552495697074,0.8482550991730273
"7,4",90,19.6,27.0,0.8442340791738382,0.8470172886150074
"7,4",91,19.9,26.5,0.842512908777969,0.8457832674463506
"7,4",92,19.6,26.9,0.8416523235800344,0.8445530240663551
"7,4",93,19.6,26.9,0.8399311531841652,0.8433265469098324
"7,4",94,19.6,26.8,0.8382099827882961,0.8421038244469996
"7,4",95,20.0,26.1,0.8373493975903614,0.8408848451833704
"7,4",96,19.6,26.6,0.8356282271944923,0.8396695976596475
"7,4",97,19.5,26.6,0.8339070567986231,0.8384580704516147
"7,4",98,19.5,26.5,0.8330464716006885,0.8372502521700294
"7,4",99,19.7,26.1,0.8313253012048193,0.8360461314605154
"7,4",100,19.4,26.4,0.8296041308089501,0.834845697003457
"7,4",101,19.3,26.2,0.8287435456110155,0.8336489375138916
"7,4",102,19.3,26.1,0.8270223752151463,0.8324558417414036
"7,4",103,19.3,26.0,0.8253012048192772,0.8312663984700197
"7,4",104,19.2,25.9,0.8235800344234079,0.8300805965181026
"7,4",105,19.1,25.9,0.8227194492254734,0.8288984247382456
"7,4",106,19.0,25.8,0.8209982788296041,0.8277198720171691
"7,4",107,18.9,25.8,0.8192771084337349,0.8265449272756145
"7,4",108,18.9,25.7,0.8184165232358004,0.8253735794682413
"7,4",109,18.8,25.7,0.8166953528399311,0.8242058175835227
"7,4",110,18.7,25.7,0.8158347676419966,0.8230416306436422
"7,4",111,18.6,25.6,0.8141135972461274,0.8218810077043903
"7,4",112,18.6,25.5,0.8123924268502581,0.8207239378550621
"7,4",113,18.5,25.5,0.8115318416523236,0.8195704102183539
"7,4",114,18.4,25.6,0.8098106712564543,0.8184204139502613
"7,4",115,18.3,25.4,0.8080895008605852,0.8172739382399778
"7,4",116,18.5,25.0,0.8072289156626506,0.8161309723097928
"7,4",117,18.2,25.1,0.8055077452667814,0.8149915054149897
"7,4",118,18.1,25.1,0.8046471600688468,0.8138555268437454
"7,4",119,18.1,24.9,0.8029259896729777,0.81272302591703
"7,4",120,18.4,24.4,0.802065404475043,0.811593991988506
"7,4",121,18.2,24.7,0.8012048192771084,0.8104684144444277
"7,4",122,18.1,24.9,0.7994836488812392,0.8093462827035427
"7,4",123,18.1,25.0,0.7986230636833046,0.8082275862169908
"7,4",124,18.1,25.0,0.7969018932874354,0.8071123144682063
"7,4",125,18.1,25.1,0.7960413080895009,0.8060004569728185
"7,4",126,18.2,25.2,0.7943201376936316,0.8048920032785531
"7,4",127,18.1,25.5,0.7934595524956971,0.8037869429651341
"7,4",128,18.1,25.5,0.7925989672977625,0.8026852656441853
"7,4",129,18.4,25.2,0.7908777969018933,0.8015869609591337
"7,4",130,18.2,25.4,0.7900172117039587,0.8004920185851114
"7,4",131,18.2,25.6,0.7891566265060241,0.7994004282288586
"7,4",132,18.3,25.4,0.7882960413080895,0.7983121796286268
"7,4",133,18.4,25.5,0.7865748709122203,0.7972272625540825
"7,4",134,18.3,25.7,0.7857142857142857,0.7961456668062112
"7,4",135,18.3,25.8,0.7848537005163512,0.7950673822172213
"7,4",136,18.3,25.9,0.7839931153184165,0.7939923986504481
"7,4",137,18.9,25.2,0.7831325301204819,0.7929207060002594
"7,4",138,18.4,25.9,0.7814113597246127,0.7918522941919597
"7,4",139,18.4,25.9,0.7805507745266781,0.7907871531816959
"7,4",140,18.4,25.9,0.7796901893287436,0.7897252729563631
"7,4",141,18.4,25.8,0.7788296041308089,0.7886666435335097
"7,4",142,18.4,25.8,0.7771084337349398,0.7876112549612442
"7,4",143,18.4,25.8,0.7762478485370051,0.7865590973181416
"7,4",144,18.4,25.7,0.7753872633390706,0.7855101607131498
"7,4",145,18.4,25.7,0.774526678141136,0.784464435285497
"7,4",146,18.4,25.7,0.7728055077452668,0.7834219112045986
"7,4",147,18.4,25.9,0.7719449225473322,0.7823825786699654
"7,4",148,18.4,25.8,0.7710843373493976,0.7813464279111104
"7,4",149,18.4,25.7,0.770223752151463,0.7803134491874584
"7,4",150,18.4,25.6,0.7685025817555938,0.7792836327882531
"7,4",151,18.3,25.6,0.7676419965576592,0.7782569690324666
"7,4",152,18.2,25.7,0.7667814113597247,0.7772334482687079
"7,4",153,18.2,25.7,0.7650602409638554,0.7762130608751328
"7,4",154,18.4,25.4,0.7641996557659209,0.775195797259353
"7,4",155,18.1,25.8,0.7633390705679862,0.7741816478583456
"7,4",156,18.1,25.7,0.7624784853700516,0.773170603138364
"7,4",157,18.0,25.8,0.7607573149741824,0.772162653594848
"7,4",158,18.6,24.9,0.7598967297762479,0.7711577897523338
"7,4",159,18.0,25.7,0.7590361445783133,0.7701560021643659
"7,4",160,17.9,25.5,0.7581755593803786,0.7691572814134076
"7,4",161,17.8,25.4,0.7564543889845095,0.7681616181107529
"7,4",162,17.8,25.4,0.7555938037865749,0.7671690028964377
"7,4",163,17.8,25.3,0.7547332185886403,0.7661794264391526
"7,4",164,17.7,25.3,0.7538726333907056,0.7651928794361544
"7,4",165,17.6,25.4,0.7530120481927711,0.7642093526131796
"7,4",166,17.7,25.5,0.7512908777969018,0.7632288367243556
"7,4",167,17.8,25.5,0.7512908777969018,0.7622513225521155
"7,4",168,17.8,25.8,0.7495697074010327,0.7612768009071105
"7,4",169,17.9,26.2,0.7487091222030982,0.7603052626281239
"7,4",170,18.0,26.4,0.7478485370051635,0.7593366985819849
"7,4",171,18.0,26.4,0.7478485370051635,0.7583710996634822
"7,4",172,18.0,26.7,0.7469879518072289,0.7574084567952792
"7,4",173,18.1,26.8,0.7461273666092944,0.7564487609278283
"7,4",174,18.2,26.9,0.7452667814113597,0.7554920030392862
"7,4",175,18.4,26.9,0.7444061962134251,0.7545381741354279
"7,4",176,18.4,27.4,0.7435456110154905,0.7535872652495639
"7,4",177,18.5,27.6,0.7426850258175559,0.7526392674424545
"7,4",178,18.6,27.9,0.7418244406196214,0.7516941718022263
"7,4",179,19.1,27.6,0.7418244406196214,0.7507519694442886
"7,4",180,18.9,28.3,0.7409638554216867,0.7498126515112494
"7,4",181,18.9,28.4,0.7401032702237521,0.7488762091728329
"7,4",182,19.0,28.5,0.7392426850258176,0.7479426336257953
"7,4",183,19.5,27.9,0.7383820998278829,0.7470119160938433
"7,4",184,19.2,28.6,0.7375215146299484,0.7460840478275509
"7,4",185,19.2,28.4,0.7366609294320138,0.745159020104277
"7,4",186,19.3,28.4,0.7366609294320138,0.744236824228084
"7,4",187,19.6,28.0,0.7358003442340791,0.7433174515296557
"7,4",188,19.4,28.3,0.7349397590361446,0.7424008933662155
"7,4",189,19.4,28.3,0.73407917383821,0.7414871411214461
"7,4",190,19.5,28.2,0.7332185886402753,0.7405761862054073
"7,4",191,19.5,28.2,0.7323580034423408,0.7396680200544563
"7,4",192,19.6,28.1,0.7314974182444062,0.7387626341311664
"7,4",193,19.6,28.2,0.7306368330464716,0.7378600199242471
"7,4",194,19.7,28.0,0.729776247848537,0.7369601689484644
"7,4",195,19.6,28.1,0.7289156626506024,0.7360630727445602
"7,4",196,19.7,27.8,0.7280550774526678,0.7351687228791737
"7,4",197,19.6,27.9,0.7271944922547332,0.7342771109447614
"7,4",198,19.6,27.8,0.7263339070567987,0.7333882285595185
"7,4",199,19.6,27.7,0.725473321858864,0.7325020673673
"7,4",200,19.6,27.4,0.7246127366609294,0.731618619037542
"7,4",201,19.5,27.5,0.7237521514629949,0.7307378752651834
"7,4",202,19.5,27.4,0.7228915662650602,0.7298598277705883
"7,4",203,19.4,27.3,0.7220309810671256,0.7289844682994674
"7,4",204,19.6,26.8,0.7211703958691911,0.7281117886228009
"7,4",205,19.3,27.2,0.7194492254733219,0.7272417805367611
"7,4",206,19.2,27.2,0.7185886402753873,0.7263744358626352
"7,4",207,19.2,27.1,0.7177280550774526,0.7255097464467483
"7,4",208,19.5,26.7,0.7168674698795181,0.7246477041603869
"7,4",209,19.2,27.0,0.7160068846815835,0.7237883008997227
"7,4",210,19.2,27.1,0.7160068846815835,0.7229315285857357
"7,4",211,19.1,27.1,0.7142857142857143,0.7220773791641393
"7,4",212,19.1,27.2,0.7134251290877797,0.7212258446053036
"7,4",213,19.1,27.1,0.7125645438898451,0.7203769169041804
"7,4",214,19.0,27.2,0.7117039586919105,0.719530588080228
"7,4",215,19.0,27.2,0.7117039586919105,0.7186868501773358
"7,4",216,19.0,27.2,0.7099827882960413,0.71784569526375
"7,4",217,18.9,27.2,0.7091222030981067,0.7170071154319988
"7,4",218,18.9,27.3,0.7082616179001722,0.7161711027988178
"7,4",219,18.8,27.3,0.7082616179001722,0.7153376495050763
"7,4",220,18.8,27.2,0.7065404475043029,0.7145067477157034
"7,4",221,18.8,27.0,0.7056798623063684,0.7136783896196139
"7,4",222,18.7,27.0,0.7048192771084337,0.7128525674296355
"7,4",223,18.8,26.7,0.7048192771084337,0.7120292733824352
"7,4",224,18.6,27.0,0.7039586919104991,0.7112084997384461
"7,4",225,18.8,26.6,0.7030981067125646,0.7103902387817953
"7,4",226,18.7,26.6,0.7022375215146299,0.7095744828202307
"7,4",227,18.6,26.6,0.7013769363166954,0.7087612241850494
"7,4",228,18.5,26.7,0.7005163511187608,0.7079504552310247
"7,4",229,18.5,26.6,0.6996557659208261,0.707142168336335
"7,4",230,18.6,26.4,0.6987951807228916,0.706336355902492
"7,4",231,18.6,26.4,0.697934595524957,0.7055330103542689
"7,4",232,18.5,26.5,0.6970740103270223,0.7047321241396294
"7,4",233,18.6,26.4,0.6962134251290878,0.7039336897296569
"7,4",234,18.6,26.3,0.6962134251290878,0.7031376996184835
"7,4",235,18.6,26.4,0.6953528399311532,0.7023441463232196
"7,4",236,18.6,26.4,0.6944922547332186,0.7015530223838833
"7,4",237,18.7,26.4,0.693631669535284,0.7007643203633305
"7,4",238,19.1,26.5,0.6927710843373494,0.6999780328471849
"7,4",239,19.2,26.7,0.6927710843373494,0.6991941524437681
"7,4",240,19.4,26.9,0.6919104991394148,0.6984126717840309
"7,4",241,19.9,27.4,0.6919104991394148,0.6976335835214827
"7,4",242,20.3,25.6,0.6910499139414802,0.6968568803321238
"7,4",243,19.6,26.3,0.6901893287435457,0.6960825549143755
"7,4",244,19.5,26.2,0.689328743545611,0.6953105999890123
"7,4",245,19.5,26.0,0.689328743545611,0.6945410082990926
"7,4",246,19.5,25.7,0.6876075731497419,0.6937737726098914
"7,4",247,19.3,25.7,0.6867469879518072,0.6930088857088315
"7,4",248,19.1,25.5,0.6858864027538726,0.6922463404054161
"7,4",249,19.0,25.4,0.685025817555938,0.6914861295311613
"7,4",250,19.0,25.3,0.6841652323580034,0.6907282459395283
"7,4",251,19.0,25.0,0.6833046471600689,0.6899726825058567
"7,4",252,18.8,25.0,0.6824440619621343,0.6892194321272972
"7,4",253,18.7,24.9,0.6815834767641996,0.6884684877227447
"7,4",254,18.6,24.8,0.6807228915662651,0.6877198422327722
"7,4",255,18.6,24.7,0.6798623063683304,0.6869734886195641
"7,4",256,18.5,24.6,0.6790017211703959,0.6862294198668502
"7,4",257,18.4,24.6,0.6790017211703959,0.6854876289798394
"7,4",258,18.3,24.5,0.6781411359724613,0.6847481089851546
"7,4",259,18.5,24.3,0.6772805507745266,0.6840108529307662
"7,4",260,18.3,24.4,0.6764199655765921,0.683275853885928
"7,4",261,18.2,24.5,0.6755593803786575,0.6825431049411109
"7,4",262,18.1,24.7,0.6746987951807228,0.6818125992079382
"7,4",263,18.6,23.9,0.6738382099827883,0.6810843298191217
"7,4",264,18.0,24.7,0.6729776247848537,0.6803582899283956
"7,4",265,17.8,24.8,0.6721170395869192,0.679634472710454
"7,4",266,17.8,24.7,0.6712564543889845,0.6789128713608846
"7,4",267,17.7,24.7,0.6712564543889845,0.678193479096107
"7,4",268,17.7,24.7,0.6703958691910499,0.6774762891533073
"7,4",269,17.6,24.8,0.6695352839931153,0.6767612947903748
"7,4",270,17.6,24.7,0.6686746987951807,0.6760484892858394
"7,4",271,17.5,24.6,0.6678141135972461,0.6753378659388074
"7,4",272,17.5,24.4,0.6678141135972461,0.6746294180688992
"7,4",273,17.4,24.4,0.6669535283993115,0.6739231390161864
"7,4",274,17.4,24.4,0.6660929432013769,0.6732190221411287
"7,4",275,17.3,24.4,0.6652323580034424,0.6725170608245122
"7,4",276,17.7,23.7,0.6643717728055077,0.6718172484673868
"7,4",277,17.3,24.4,0.6635111876075731,0.671119578491004
"7,4",278,17.2,24.5,0.6635111876075731,0.6704240443367552
"7,4",279,17.2,24.5,0.6626506024096386,0.6697306394661104
"7,4",280,17.2,24.5,0.6617900172117039,0.6690393573605562
"7,4",281,17.3,24.4,0.6617900172117039,0.6683501915215349
"7,4",282,17.3,24.6,0.6609294320137694,0.667663135470383
"7,4",283,17.3,24.8,0.6600688468158348,0.6669781827482708
"7,4",284,17.2,24.5,0.6600688468158348,0.6662953269161412
"7,4",285,17.4,24.6,0.6592082616179001,0.6656145615546498
"7,4",286,17.6,28.2,0.6583476764199656,0.6649358802641037
"7,4",287,17.5,24.9,0.6583476764199656,0.664259276664402
"7,4",288,17.4,24.8,0.657487091222031,0.6635847443949756
"7,4",289,17.9,24.2,0.657487091222031,0.6629122771147274
"7,4",290,17.5,24.8,0.6566265060240963,0.6622418685019729
"7,4",291,17.4,24.8,0.6557659208261618,0.6615735122543802
"7,4",292,17.4,24.7,0.6557659208261618,0.6609072020889115
"7,4",293,17.4,24.6,0.6549053356282272,0.6602429317417635
"7,4",294,17.4,24.5,0.6540447504302926,0.6595806949683086
"7,4",295,17.3,24.5,0.653184165232358,0.6589204855430365
"7,4",296,17.3,24.5,0.653184165232358,0.6582622972594953
"7,4",297,17.3,24.5,0.6523235800344234,0.6576061239302332
"7,4",298,17.3,24.4,0.6514629948364888,0.6569519593867409
"7,4",299,17.2,24.6,0.6514629948364888,0.6562997974793926
"7,4",300,17.2,24.6,0.6506024096385542,0.655649632077389
"7,4",301,17.2,24.5,0.6497418244406197,0.6550014570686997
"7,4",302,17.5,23.9,0.6497418244406197,0.6543552663600049
"7,4",303,17.1,24.4,0.648881239242685,0.6537110538766389
"7,4",304,17.1,24.4,0.6480206540447504,0.653068813562533
"7,4",305,17.1,24.4,0.6480206540447504,0.652428539380158
"7,4",306,17.3,24.1,0.6471600688468159,0.6517902253104679
"7,4",307,17.3,24.1,0.6462994836488812,0.6511538653528434
"7,4",308,17.1,24.4,0.6462994836488812,0.6505194535250349
"7,4",309,17.2,24.3,0.6454388984509466,0.649886983863107
"7,4",310,17.2,24.7,0.6454388984509466,0.6492564504213817
"7,4",311,17.3,24.7,0.6445783132530121,0.6486278472723832
"7,4",312,17.3,25.0,0.6445783132530121,0.6480011685067819
"7,4",313,17.4,25.1,0.6437177280550774,0.6473764082333386
"7,4",314,17.9,26.2,0.6437177280550774,0.6467535605788494
"7,4",315,18.5,28.1,0.6437177280550774,0.6461326196880903
"7,4",316,18.2,26.9,0.6437177280550774,0.6455135797237628
"7,4",317,18.2,26.6,0.6428571428571429,0.6448964348664377
"7,4",318,18.2,27.0,0.6419965576592083,0.6442811793145018
"7,4",319,18.7,26.0,0.6419965576592083,0.6436678072841024
"7,4",320,18.4,26.7,0.6411359724612736,0.6430563130090937
"7,4",321,18.4,27.4,0.6411359724612736,0.6424466907409817
"7,4",322,18.5,27.3,0.6402753872633391,0.641838934748871
"7,4",323,18.6,27.2,0.6402753872633391,0.6412330393194102
"7,4",324,18.5,27.4,0.6394148020654045,0.6406289987567388
"7,4",325,18.5,27.5,0.6394148020654045,0.6400268073824337
"7,4",326,18.6,27.4,0.6385542168674698,0.6394264595354547
"7,4",327,18.7,27.5,0.6385542168674698,0.638827949572093
"7,4",328,18.8,27.4,0.6376936316695353,0.6382312718659164
"7,4",329,18.8,27.5,0.6376936316695353,0.6376364208077182
"7,4",330,18.8,27.5,0.6368330464716007,0.6370433908054628
"7,4",331,18.8,27.4,0.6368330464716007,0.636452176284234
"7,4",332,18.9,27.3,0.6359724612736661,0.6358627716861827
"7,4",333,18.9,27.3,0.6359724612736661,0.6352751714704741
"7,4",334,19.0,27.0,0.6351118760757315,0.6346893701132362
"7,4",335,18.9,27.0,0.6351118760757315,0.6341053621075073
"7,4",336,19.0,26.6,0.6342512908777969,0.6335231419631848
"7,4",337,19.0,26.9,0.6342512908777969,0.6329427042069732
"7,4",338,19.0,26.6,0.6333907056798623,0.6323640433823325
"7,4",339,18.9,26.6,0.6325301204819277,0.6317871540494276
"7,4",340,19.2,26.1,0.6325301204819277,0.6312120307850764
"7,4",341,18.9,26.4,0.6316695352839932,0.6306386681826992
"7,4",342,18.8,26.1,0.6308089500860585,0.6300670608522679
"7,4",343,18.7,26.3,0.6299483648881239,0.6294972034202553
"7,4",344,19.1,25.5,0.6299483648881239,0.6289290905295841
"7,4",345,18.5,26.1,0.6290877796901894,0.6283627168395776
"7,4",346,18.5,25.8,0.6282271944922547,0.6277980770259084
"7,4",347,18.4,25.8,0.6273666092943201,0.6272351657805489
"7,4",348,18.3,25.6,0.6273666092943201,0.6266739778117214
"7,4",349,18.3,25.3,0.6265060240963856,0.6261145078438483
"7,4",350,18.2,25.2,0.6256454388984509,0.6255567506175022
"7,4",351,18.1,25.2,0.6247848537005164,0.6250007008893571
"7,4",352,18.0,25.1,0.6247848537005164,0.6244463534321384
"7,4",353,18.0,24.9,0.6239242685025818,0.6238937030345741
"7,4",354,18.0,24.8,0.6230636833046471,0.6233427445013464
"7,4",355,18.0,25.0,0.6230636833046471,0.6227934726530413
"7,4",356,18.0,24.6,0.6222030981067126,0.6222458823261017
"7,4",357,18.1,25.0,0.6222030981067126,0.6216999683727774
"7,4",358,18.0,25.1,0.621342512908778,0.6211557256610779
"7,4",359,18.0,24.9,0.621342512908778,0.6206131490747232
"7,4",360,17.9,25.1,0.6204819277108434,0.6200722335130963
"7,4",361,17.9,25.0,0.6196213425129088,0.619532973891195
"7,4",362,17.8,25.1,0.6196213425129088,0.6189953651395839
"7,4",363,17.7,25.0,0.6187607573149742,0.6184594022043475
"7,4",364,17.7,25.0,0.6179001721170396,0.6179250800470417
"7,4",365,17.9,24.4,0.617039586919105,0.6173923936446474
"7,4",366,17.5,24.9,0.617039586919105,0.6168613379895221
"7,4",367,17.4,25.0,0.6161790017211703,0.6163319080893541
"7,4",368,17.4,24.9,0.6161790017211703,0.615804098967115
"7,4",369,17.9,24.1,0.6153184165232358,0.6152779056610123
"7,4",370,17.4,24.8,0.6144578313253012,0.6147533232244441
"7,4",371,17.4,24.7,0.6144578313253012,0.6142303467259513
"7,4",372,17.4,24.9,0.6135972461273667,0.6137089712491721
"7,4",373,17.4,24.9,0.6135972461273667,0.6131891918927954
"7,4",374,17.5,25.0,0.612736660929432,0.6126710037705148
"7,4",375,17.5,24.9,0.612736660929432,0.6121544020109825
"7,4",376,17.5,25.3,0.6118760757314974,0.6116393817577639
"7,4",377,17.5,25.3,0.6118760757314974,0.6111259381692917
"7,4",378,17.6,25.4,0.6118760757314974,0.6106140664188203
"7,4",379,17.6,25.3,0.6110154905335629,0.6101037616943805
"7,4",380,17.6,25.5,0.6110154905335629,0.6095950191987344
"7,4",381,17.6,25.5,0.6101549053356282,0.6090878341493302
"7,4",382,17.8,25.1,0.6101549053356282,0.6085822017782571
"7,4",383,18.0,24.7,0.6092943201376936,0.6080781173322007
"7,4",384,17.9,24.8,0.6092943201376936,0.6075755760723983
"7,4",385,18.0,24.5,0.6092943201376936,0.6070745732745941
"7,4",386,18.1,24.4,0.608433734939759,0.6065751042289953
"7,4",387,17.9,24.7,0.6075731497418244,0.606077164240227
"7,4",388,17.9,24.7,0.6075731497418244,0.605580748627289
"7,4",389,17.9,24.5,0.6075731497418244,0.605085852723511
"7,4",390,18.1,24.1,0.6067125645438899,0.6045924718765094
"7,4",391,17.8,24.4,0.6058519793459552,0.604100601448143
"7,4",392,17.8,24.4,0.6058519793459552,0.6036102368144699
"7,4",393,17.7,24.4,0.6049913941480206,0.6031213733657034
"7,4",394,18.0,23.6,0.6049913941480206,0.6026340065061693
"7,4",395,17.7,24.0,0.6041308089500861,0.6021481316542624
"7,4",396,17.6,24.0,0.6032702237521514,0.6016637442424034
"7,4",397,17.6,24.0,0.6032702237521514,0.6011808397169962
"7,4",398,17.9,23.6,0.6024096385542169,0.6006994135383846
"7,4",399,17.5,23.7,0.6024096385542169,0.6002194611808104
"7,4",400,17.5,23.7,0.6015490533562823,0.5997409781323697
"7,4",401,17.4,23.7,0.6015490533562823,0.599263959894972
"7,4",402,17.7,23.2,0.6006884681583476,0.5987884019842964
"7,4",403,17.5,24.0,0.6006884681583476,0.5983142999297507
"7,4",404,17.6,23.3,0.5998278829604131,0.5978416492744284
"7,4",405,17.6,23.4,0.5998278829604131,0.5973704455750674
"7,4",406,17.6,23.4,0.5989672977624785,0.5969006844020079
"7,4",407,17.9,23.2,0.5989672977624785,0.5964323613391512
"7,4",408,17.7,23.6,0.5981067125645438,0.5959654719839177
"7,4",409,17.7,23.5,0.5981067125645438,0.5955000119472056
"7,4",410,17.6,23.7,0.5972461273666093,0.5950359768533499
"7,4",411,17.6,23.8,0.5972461273666093,0.594573362340081
"7,4",412,17.6,23.8,0.5972461273666093,0.5941121640584839
"7,4",413,17.7,24.3,0.5963855421686747,0.5936523776729571
"7,4",414,17.9,24.1,0.5963855421686747,0.5931939988611721
"7,4",415,17.9,24.1,0.5955249569707401,0.5927370233140324
"7,4",416,17.9,24.2,0.5955249569707401,0.5922814467356337
"7,4",417,17.8,24.3,0.5946643717728055,0.5918272648432223
"7,4",418,17.9,24.2,0.5946643717728055,0.5913744733671562
"7,4",419,18.1,23.9,0.5938037865748709,0.5909230680508639
"7,4",420,18.0,24.3,0.5938037865748709,0.5904730446508052
"7,4",421,17.8,24.6,0.5938037865748709,0.5900243989364307
"7,4",422,17.9,24.6,0.5929432013769363,0.5895771266901421
"7,4",423,18.0,24.5,0.5929432013769363,0.589131223707253
"7,4",424,18.0,24.6,0.5920826161790017,0.5886866857959491
"7,4",425,17.9,24.8,0.5920826161790017,0.5882435087772484
"7,4",426,17.9,24.9,0.5920826161790017,0.5878016884849628
"7,4",427,18.2,24.5,0.5912220309810671,0.5873612207656579
"7,4",428,18.0,25.0,0.5912220309810671,0.5869221014786148
"7,4",429,18.1,24.9,0.5903614457831325,0.5864843264957909
"7,4",430,18.1,24.9,0.5903614457831325,0.5860478917017807
"7,4",431,18.7,24.1,0.5903614457831325,0.5856127929937779
"7,4",432,18.2,24.8,0.5895008605851979,0.585179026281536
"7,4",433,18.2,24.9,0.5895008605851979,0.5847465874873303
"7,4",434,18.3,24.8,0.5895008605851979,0.5843154725459199
"7,4",435,18.3,24.7,0.5886402753872634,0.5838856774045086
"7,4",436,18.3,24.5,0.5886402753872634,0.5834571980227075
"7,4",437,18.2,24.5,0.5877796901893287,0.5830300303724967
"7,4",438,18.2,24.4,0.5877796901893287,0.5826041704381876
"7,4",439,18.2,24.3,0.5869191049913941,0.5821796142163853
"7,4",440,18.2,24.2,0.5869191049913941,0.5817563577159504
"7,4",441,18.1,24.3,0.5860585197934596,0.5813343969579619
"7,4",442,18.1,24.3,0.5860585197934596,0.58091372797568
"7,4",443,18.1,24.3,0.5851979345955249,0.5804943468145081
"7,4",444,18.1,24.2,0.5851979345955249,0.5800762495319566
"7,4",445,18.0,24.3,0.5843373493975904,0.5796594321976047
"7,4",446,17.9,24.3,0.5843373493975904,0.5792438908930646
"7,4",447,17.9,24.2,0.5834767641996558,0.5788296217119437
"7,4",448,18.0,23.9,0.5834767641996558,0.5784166207598086
"7,4",449,17.8,24.0,0.5826161790017211,0.578004884154148
"7,4",450,17.7,23.8,0.5826161790017211,0.5775944080243363
"7,4",451,17.7,23.7,0.5817555938037866,0.5771851885115975
"7,4",452,18.2,23.0,0.5817555938037866,0.5767772217689688
"7,4",453,17.6,23.5,0.580895008605852,0.576370503961264
"7,4",454,17.6,23.6,0.5800344234079173,0.575965031265038
"7,4",455,17.6,23.7,0.5800344234079173,0.5755607998685506
"7,4",456,17.6,23.7,0.5800344234079173,0.575157805971731
"7,4",457,17.6,24.0,0.5791738382099828,0.5747560457861415
"7,4",458,17.6,24.2,0.5791738382099828,0.5743555155349421
"7,4",459,17.6,24.4,0.5791738382099828,0.5739562114528556
"7,4",460,17.7,24.9,0.5783132530120482,0.573558129786131
"7,4",461,17.9,25.5,0.5783132530120482,0.5731612667925093
"7,4",462,17.9,25.6,0.5783132530120482,0.5727656187411881
"7,4",463,18.1,25.5,0.5783132530120482,0.5723711819127859
"7,4",464,18.6,25.4,0.5774526678141136,0.571977952599308
"7,4",465,18.8,25.5,0.5774526678141136,0.5715859271041107
"7,4",466,18.9,25.7,0.5774526678141136,0.5711951017418676
"7,4",467,19.0,26.0,0.5774526678141136,0.5708054728385341
"7,4",468,19.0,26.0,0.5774526678141136,0.5704170367313135
"7,4",469,19.4,25.4,0.5774526678141136,0.570029789768622
"7,4",470,19.1,25.9,0.5774526678141136,0.5696437283100544
"7,4",471,19.1,25.9,0.576592082616179,0.5692588487263508
"7,4",472,19.2,25.9,0.576592082616179,0.5688751473993612
"7,4",473,19.5,25.3,0.5757314974182444,0.5684926207220123
"7,4",474,19.3,26.0,0.5757314974182444,0.5681112650982734
"7,4",475,19.5,26.1,0.5757314974182444,0.5677310769431222
"7,4",476,19.4,26.2,0.5757314974182444,0.5673520526825121
"7,4",477,19.9,25.6,0.5748709122203098,0.5669741887533374
"7,4",478,19.5,26.1,0.5748709122203098,0.5665974816034007
"7,4",479,19.5,26.2,0.5740103270223752,0.566221927691379
"7,4",480,19.5,26.1,0.5740103270223752,0.5658475234867906
"7,4",481,19.9,25.5,0.5740103270223752,0.5654742654699619
"7,4",482,19.6,25.9,0.5731497418244407,0.5651021501319945
"7,4",483,19.5,25.9,0.5731497418244407,0.5647311739747316
"7,4",484,19.6,25.8,0.572289156626506,0.5643613335107258
"7,4",485,19.5,25.8,0.572289156626506,0.5639926252632063
"7,4",486,19.5,25.6,0.572289156626506,0.5636250457660453
"7,4",487,19.5,25.5,0.5714285714285714,0.5632585915637267
"7,4",488,19.4,25.4,0.5714285714285714,0.5628932592113128
"7,4",489,19.4,25.3,0.5705679862306369,0.5625290452744118
"7,4",490,19.3,25.1,0.5705679862306369,0.5621659463291465
"7,4",491,19.2,25.1,0.5697074010327022,0.5618039589621207
"7,4",492,19.1,25.0,0.5688468158347676,0.5614430797703883
"7,4",493,19.1,24.9,0.5688468158347676,0.5610833053614207
"7,4",494,19.1,24.7,0.5679862306368331,0.5607246323530751
"7,4",495,19.0,24.7,0.5679862306368331,0.5603670573735628
"7,4",496,18.9,24.7,0.5671256454388984,0.5600105770614172
"7,4",497,18.8,24.7,0.5671256454388984,0.5596551880654623
"7,4",498,18.9,24.5,0.5662650602409639,0.5593008870447815
"7,4",499,18.8,24.5,0.5662650602409639,0.5589476706686859
"7,4",500,18.7,24.6,0.5654044750430293,0.558595535616683
"7,4",501,18.6,24.4,0.5654044750430293,0.5582444785784455
"7,4",502,18.9,23.9,0.5645438898450946,0.5578944962537803
"7,4",503,18.6,24.3,0.5645438898450946,0.5575455853525974
"7,4",504,18.6,24.3,0.5645438898450946,0.5571977425948789
"7,4",505,18.6,24.4,0.5636833046471601,0.5568509647106482
"7,4",506,18.9,24.3,0.5636833046471601,0.5565052484399394
"7,4",507,18.6,24.7,0.5628227194492255,0.5561605905327667
"7,4",508,18.7,24.7,0.5628227194492255,0.555816987749093
"7,4",509,18.6,25.0,0.5628227194492255,0.5554744368588012
"7,4",510,18.6,25.2,0.5619621342512908,0.5551329346416618
"7,4",511,18.7,25.3,0.5619621342512908,0.5547924778873041
"7,4",512,18.7,25.6,0.5619621342512908,0.5544530633951854
"7,4",513,18.7,25.7,0.5611015490533563,0.5541146879745611
"7,4",514,18.7,25.8,0.5611015490533563,0.5537773484444545
"7,4",515,18.8,25.7,0.5611015490533563,0.553441041633627
"7,4",516,18.9,25.7,0.5602409638554217,0.5531057643805485
"7,4",517,18.9,25.6,0.5602409638554217,0.5527715135333674
"7,4",518,19.1,25.4,0.5602409638554217,0.5524382859498811
"7,4",519,19.1,25.2,0.5602409638554217,0.5521060784975063
"7,4",520,19.0,25.4,0.5593803786574871,0.5517748880532498
"7,4",521,19.3,25.0,0.5593803786574871,0.5514447115036791
"7,4",522,19.3,25.1,0.5593803786574871,0.551115545744893
"7,4",523,19.6,24.8,0.5585197934595525,0.5507873876824921
"7,4",524,19.1,25.6,0.5585197934595525,0.5504602342315508
"7,4",525,19.2,25.8,0.5585197934595525,0.5501340823165869
"7,4",526,19.3,25.9,0.5576592082616179,0.5498089288715339
"7,4",527,19.5,25.7,0.5576592082616179,0.5494847708397111
"7,4",528,19.6,25.5,0.5576592082616179,0.549161605173796
"7,4",529,19.5,25.6,0.5576592082616179,0.5488394288357947
"7,4",530,19.6,25.5,0.5567986230636833,0.5485182387970138
"7,4",531,19.5,25.5,0.5567986230636833,0.5481980320380317
"7,4",532,19.8,25.0,0.5567986230636833,0.5478788055486707
"7,4",533,19.5,25.0,0.5559380378657487,0.5475605563279681
"7,4",534,19.5,24.8,0.5559380378657487,0.547243281384148
"7,4",535,19.5,24.6,0.5550774526678142,0.5469269777345941
"7,4",536,19.6,24.3,0.5550774526678142,0.5466116424058202
"7,4",537,19.4,24.6,0.5542168674698795,0.5462972724334436
"7,4",538,19.3,24.7,0.5542168674698795,0.5459838648621564
"7,4",539,19.2,24.7,0.5533562822719449,0.545671416745698
"7,4",540,19.1,24.7,0.5533562822719449,0.5453599251468274
"7,4",541,19.2,24.6,0.5533562822719449,0.5450493871372956
"7,4",542,19.1,24.6,0.5524956970740104,0.544739799797818
"7,4",543,19.0,24.6,0.5524956970740104,0.5444311602180468
"7,4",544,19.0,24.5,0.5516351118760757,0.5441234654965444
"7,4",545,19.0,24.4,0.5516351118760757,0.5438167127407549
"7,4",546,19.0,24.3,0.5507745266781411,0.543510899066978
"7,4",547,19.0,24.2,0.5507745266781411,0.5432060216003413
"7,4",548,18.9,24.3,0.5507745266781411,0.5429020774747733
"7,4",549,19.1,24.0,0.5499139414802066,0.542599063832977
"7,4",550,18.9,24.3,0.5499139414802066,0.5422969778264021
"7,4",551,18.9,24.4,0.5499139414802066,0.5419958166152191
"7,4",552,18.9,24.4,0.5490533562822719,0.5416955773682923
"7,4",553,19.2,24.1,0.5490533562822719,0.5413962572631529
"7,4",554,18.9,24.5,0.5481927710843374,0.5410978534859728
"7,4",555,18.9,24.5,0.5481927710843374,0.5408003632315381
"7,4",556,18.9,24.5,0.5481927710843374,0.5405037837032227
"7,4",557,18.9,24.4,0.5473321858864028,0.5402081121129619
"7,4",558,18.9,24.4,0.5473321858864028,0.5399133456812263
"7,4",559,18.8,24.4,0.5473321858864028,0.5396194816369957
"7,4",560,18.9,24.3,0.5464716006884681,0.5393265172177328
"7,4",561,18.9,24.5,0.5464716006884681,0.539034449669358
"7,4",562,19.0,24.4,0.5464716006884681,0.5387432762462223
"7,4",563,18.9,24.4,0.5456110154905336,0.5384529942110824
"7,4",564,18.9,24.4,0.5456110154905336,0.5381636008350748
"7,4",565,18.9,24.4,0.5456110154905336,0.5378750933976898
"7,4",566,19.1,24.1,0.544750430292599,0.5375874691867464
"7,4",567,18.9,24.3,0.544750430292599,0.5373007254983664
"7,4",568,18.9,24.4,0.544750430292599,0.5370148596369492
"7,4",569,19.0,24.3,0.5438898450946644,0.5367298689151466
"7,4",570,19.4,23.8,0.5438898450946644,0.5364457506538373
"7,4",571,19.0,24.3,0.5438898450946644,0.5361625021821013
"7,4",572,19.0,24.5,0.5430292598967298,0.5358801208371959
"7,4",573,19.0,24.6,0.5430292598967298,0.5355986039645297
"7,4",574,19.0,24.6,0.5430292598967298,0.5353179489176382
"7,4",575,19.0,24.5,0.5430292598967298,0.5350381530581582
"7,4",576,19.0,24.5,0.5421686746987951,0.534759213755804
"7,4",577,19.2,24.3,0.5421686746987951,0.5344811283883419
"7,4",578,19.2,24.3,0.5421686746987951,0.5342038943415661
"7,4",579,19.1,24.4,0.5413080895008606,0.5339275090092734
"7,4",580,19.0,24.5,0.5413080895008606,0.5336519697932395
"7,4",581,18.9,24.6,0.5413080895008606,0.533377274103194
"7,4",582,18.9,24.5,0.540447504302926,0.5331034193567964
"7,4",583,19.0,24.2,0.540447504302926,0.5328304029796115
"7,4",584,18.9,24.4,0.540447504302926,0.5325582224050857
"7,4",585,18.8,24.5,0.5395869191049913,0.5322868750745222
"7,4",586,18.8,24.6,0.5395869191049913,0.5320163584370576
"7,4",587,19.2,23.9,0.5387263339070568,0.5317466699496374
"7,4",588,18.7,24.5,0.5387263339070568,0.5314778070769924
"7,4",589,18.7,24.4,0.5378657487091222,0.531209767291615
"7,4",590,18.6,24.4,0.5378657487091222,0.5309425480737348
"7,4",591,18.6,24.5,0.5378657487091222,0.5306761469112955
"7,4",592,18.5,24.5,0.5370051635111877,0.5304105612999315
"7,4",593,18.6,24.3,0.5370051635111877,0.5301457887429433
"7,4",594,18.6,24.3,0.5370051635111877,0.529881826751275
"7,4",595,18.6,24.3,0.536144578313253,0.5296186728434912
"7,4",596,18.6,24.4,0.536144578313253,0.529356324545752
"7,4",597,18.9,24.0,0.536144578313253,0.5290947793917916
"7,4",598,18.6,24.3,0.536144578313253,0.528834034922894
"7,4",599,18.6,24.5,0.5352839931153184,0.5285740886878706
"7,4",600,18.5,24.6,0.5352839931153184,0.5283149382430361
"7,4",601,19.0,24.2,0.5352839931153184,0.5280565811521869
"7,4",602,18.6,24.7,0.5344234079173839,0.5277990149865772
"7,4",603,18.7,24.8,0.5344234079173839,0.5275422373248966
"7,4",604,18.7,24.9,0.5344234079173839,0.5272862457532468
"7,4",605,18.8,24.8,0.5344234079173839,0.52703103786512
"7,4",606,18.8,24.5,0.5335628227194492,0.526776611261375
"7,4",607,18.7,24.4,0.5335628227194492,0.5265229635502157
"7,4",608,18.8,24.2,0.5335628227194492,0.5262700923471677
"7,4",609,18.7,24.1,0.5327022375215146,0.5260179952750568
"7,4",610,18.8,23.7,0.5327022375215146,0.5257666699639858
"7,4",611,18.7,23.7,0.5327022375215146,0.525516114051313
"7,4",612,18.6,23.5,0.53184165232358,0.5252663251816294
"7,4",613,18.6,24.7,0.53184165232358,0.5250173010067367
"7,4",614,18.7,23.9,0.53184165232358,0.5247690391856253
"7,4",615,18.6,23.8,0.5309810671256454,0.5245215373844526
"7,4",616,18.6,23.4,0.5309810671256454,0.5242747932765204
"7,4",617,18.5,23.2,0.5309810671256454,0.5240288045422533
"7,4",618,18.7,22.8,0.5301204819277109,0.5237835688691774
"7,4",619,18.5,22.9,0.5301204819277109,0.5235390839518976
"7,4",620,18.4,23.0,0.5292598967297762,0.523295347492077
"7,4",621,18.5,22.6,0.5292598967297762,0.5230523571984143
"7,4",622,18.8,22.2,0.5292598967297762,0.5228101107866228
"7,4",623,18.3,22.6,0.5283993115318416,0.522568605979409
"7,4",624,18.2,22.5,0.5283993115318416,0.5223278405064511
"7,4",625,18.2,22.2,0.5275387263339071,0.5220878121043772
"7,4",626,18.1,21.9,0.5275387263339071,0.5218485185167446
"7,4",627,18.0,21.7,0.5266781411359724,0.5216099574940186
"7,4",628,17.8,21.8,0.5266781411359724,0.5213721267935508
"7,4",629,17.7,21.7,0.5266781411359724,0.5211350241795587
"7,4",630,17.6,21.7,0.5258175559380379,0.5208986474231039
"7,4",631,17.5,21.3,0.5258175559380379,0.5206629943020722
"7,4",632,17.4,21.2,0.5249569707401033,0.5204280626011515
"7,4",633,17.2,21.2,0.5249569707401033,0.520193850111812
"7,4",634,17.1,21.3,0.5240963855421686,0.5199603546322847
"7,4",635,17.3,20.8,0.5240963855421686,0.5197275739675414
"7,4",636,17.0,21.0,0.5232358003442341,0.5194955059292734
"7,4",637,16.9,20.8,0.5232358003442341,0.5192641483358711
"7,4",638,16.7,20.9,0.5223752151462995,0.5190334990124039
"7,4",639,16.6,20.8,0.5223752151462995,0.5188035557905994
"7,4",640,16.6,20.7,0.5215146299483648,0.5185743165088228
"7,4",641,16.5,20.6,0.5215146299483648,0.5183457790120573
"7,4",642,16.4,20.6,0.5215146299483648,0.5181179411518829
"7,4",643,16.5,20.8,0.5206540447504303,0.5178908007864571
"7,4",644,16.5,20.8,0.5206540447504303,0.5176643557804942
"7,4",645,16.5,20.6,0.5206540447504303,0.5174386040052452
"7,4",646,16.4,20.8,0.5197934595524957,0.5172135433384785
"7,4",647,16.5,20.9,0.5197934595524957,0.5169891716644588
"7,4",648,16.6,20.5,0.5197934595524957,0.5167654868739283
"7,4",649,16.3,20.6,0.5189328743545611,0.5165424868640861
"7,4",650,16.4,20.6,0.5189328743545611,0.516320169538569
"7,4",651,16.2,20.9,0.5189328743545611,0.5160985328074313
"7,4",652,16.3,21.2,0.5189328743545611,0.5158775745871256
"7,4",653,16.3,21.0,0.5180722891566265,0.5156572928004828
"7,4",654,16.3,21.3,0.5180722891566265,0.5154376853766929
"7,4",655,16.3,21.3,0.5180722891566265,0.5152187502512854
"7,4",656,16.4,21.8,0.5180722891566265,0.5150004853661098
"7,4",657,16.6,22.0,0.5180722891566265,0.5147828886693164
"7,4",658,16.5,22.5,0.5180722891566265,0.514565958115337
"7,4",659,16.6,22.2,0.5180722891566265,0.5143496916648658
"7,4",660,16.6,22.5,0.5172117039586919,0.5141340872848396
"7,4",661,17.1,22.1,0.5172117039586919,0.5139191429484193
"7,4",662,16.8,22.7,0.5172117039586919,0.5137048566349712
"7,4",663,16.9,22.9,0.5172117039586919,0.5134912263300468
"7,4",664,17.0,22.9,0.5172117039586919,0.5132782500253651
"7,4",665,17.0,23.0,0.5172117039586919,0.5130659257187926
"7,4",666,17.2,22.9,0.5172117039586919,0.5128542514143257
"7,4",667,17.2,23.1,0.5163511187607573,0.512643225122071
"7,4",668,17.1,22.9,0.5163511187607573,0.5124328448582266
"7,4",669,17.2,23.1,0.5163511187607573,0.5122231086450643
"7,4",670,17.4,23.0,0.5163511187607573,0.51201401451091
"7,4",671,17.4,23.1,0.5163511187607573,0.5118055604901259
"7,4",672,17.4,23.1,0.5163511187607573,0.5115977446230916
"7,4",673,17.5,22.9,0.5154905335628227,0.5113905649561857
"7,4",674,17.9,22.4,0.5154905335628227,0.511184019541768
"7,4",675,17.5,22.8,0.5154905335628227,0.51097810643816
"7,4",676,17.5,22.8,0.5154905335628227,0.5107728237096282
"7,4",677,17.5,22.8,0.5146299483648882,0.5105681694263643
"7,4",678,17.5,22.6,0.5146299483648882,0.5103641416644685
"7,4",679,17.5,22.5,0.5146299483648882,0.5101607385059305
"7,4",680,17.4,22.5,0.5146299483648882,0.5099579580386115
"7,4",681,17.4,22.4,0.5137693631669535,0.5097557983562271
"7,4",682,17.4,22.4,0.5137693631669535,0.5095542575583277
"7,4",683,17.6,22.1,0.5137693631669535,0.5093533337502828
"7,4",684,17.4,22.4,0.5137693631669535,0.5091530250432613
"7,4",685,17.4,22.3,0.5129087779690189,0.5089533295542148
"7,4",686,17.3,22.4,0.5129087779690189,0.5087542454058595
"7,4",687,17.3,22.6,0.5129087779690189,0.5085557707266586
"7,4",688,17.3,22.7,0.5120481927710844,0.5083579036508049
"7,4",689,17.4,22.6,0.5120481927710844,0.5081606423182031
"7,4",690,17.4,22.7,0.5120481927710844,0.5079639848744523
"7,4",691,17.4,22.8,0.5120481927710844,0.5077679294708285
"7,4",692,17.5,22.9,0.5120481927710844,0.5075724742642674
"7,4",693,17.8,22.8,0.5120481927710844,0.507377617417347
"7,4",694,17.7,23.2,0.5120481927710844,0.5071833570982703
"7,4",695,17.7,23.7,0.5120481927710844,0.5069896914808483
"7,4",696,17.7,23.7,0.5120481927710844,0.5067966187444821
"7,4",697,18.1,23.6,0.5111876075731497,0.5066041370741468
"7,4",698,17.9,23.9,0.5111876075731497,0.5064122446603738
"7,4",699,18.0,24.0,0.5111876075731497,0.506220939699234
"7,4",700,18.0,24.2,0.5111876075731497,0.5060302203923207
"7,4",701,18.1,24.3,0.5111876075731497,0.5058400849467328
"7,4",702,18.2,24.3,0.5111876075731497,0.505650531575058
"7,4",703,18.2,24.4,0.5111876075731497,0.5054615584953558
"7,4",704,18.3,24.4,0.5111876075731497,0.505273163931141
"7,4",705,18.4,24.4,0.5103270223752151,0.5050853461113666
"7,4",706,18.5,24.3,0.5103270223752151,0.5048981032704077
"7,4",707,18.5,24.3,0.5103270223752151,0.5047114336480446
"7,4",708,18.5,24.2,0.5103270223752151,0.5045253354894462
"7,4",709,18.7,23.9,0.5103270223752151,0.5043398070451537
"7,4",710,19.0,23.6,0.5103270223752151,0.5041548465710637
"7,4",711,18.8,24.2,0.5103270223752151,0.5039704523284124
"7,4",712,18.9,24.6,0.5103270223752151,0.5037866225837591
"7,4",713,19.0,24.5,0.5094664371772806,0.5036033556089694
"7,4",714,19.4,24.1,0.5094664371772806,0.5034206496811998
"7,4",715,19.5,24.0,0.5094664371772806,0.5032385030828808
"7,4",716,19.5,23.9,0.5094664371772806,0.5030569141017008
"7,4",717,19.5,23.8,0.5094664371772806,0.5028758810305909
"7,4",718,19.6,23.5,0.5094664371772806,0.5026954021677075
"7,4",719,19.7,23.3,0.5094664371772806,0.502515475816417
"7,4",720,19.7,23.5,0.5094664371772806,0.5023361002852803
"7,4",721,19.6,23.5,0.5086058519793459,0.5021572738880359
"7,4",722,19.5,23.5,0.5086058519793459,0.5019789949435849
"7,4",723,19.5,23.0,0.5086058519793459,0.5018012617759746
"7,4",724,19.3,22.9,0.5077452667814114,0.5016240727143833
"7,4",725,19.1,22.9,0.5077452667814114,0.5014474260931039
"7,4",726,19.0,22.7,0.5068846815834768,0.501271320251529
"7,4",727,19.0,22.6,0.5068846815834768,0.5010957535341347
"7,4",728,18.8,22.3,0.5068846815834768,0.5009207242904655
"7,4",729,18.7,22.0,0.5060240963855421,0.5007462308751183
"7,4",730,18.5,22.1,0.5060240963855421,0.5005722716477272
"7,4",731,18.9,21.3,0.5051635111876076,0.5003988449729482
"7,4",732,18.2,21.9,0.5051635111876076,0.5002259492204436
"7,4",733,18.0,21.6,0.504302925989673,0.5000535827648668
"7,4",734,17.9,21.5,0.504302925989673,0.4998817439858468
"7,4",735,17.8,21.5,0.5034423407917383,0.4997104312679735
"7,4",736,17.7,21.5,0.5034423407917383,0.49953964300078185
"7,4",737,17.6,21.6,0.5025817555938038,0.4993693775787371
"7,4",738,17.6,21.2,0.5025817555938038,0.49919963340121976
"7,4",739,17.5,21.1,0.5017211703958692,0.4990304088725102
"7,4",740,17.5,21.0,0.5017211703958692,0.4988617024017741
"7,4",741,17.5,21.0,0.5017211703958692,0.49869351240304693
"7,4",742,17.3,21.0,0.5008605851979346,0.4985258372952198
"7,4",743,17.3,20.9,0.5008605851979346,0.4983586755020239
"7,4",744,17.6,20.5,0.5008605851979346,0.49819202545201596
"7,4",745,17.3,21.0,0.5008605851979346,0.4980258855785636
"7,4",746,17.2,21.4,0.5,0.4978602543198304
"7,4",747,17.3,21.6,0.5,0.4976951301187612
"7,4",748,17.3,21.9,0.5,0.4975305114230677
"7,4",749,17.5,21.5,0.5,0.49736639668521365
"7,4",750,17.5,21.9,0.5,0.49720278436240045
"7,4",751,17.5,21.9,0.5,0.4970396729165524
"7,4",752,17.5,22.1,0.4991394148020654,0.49687706081430255
"7,4",753,17.6,22.0,0.4991394148020654,0.4967149465269781
"7,4",754,17.6,22.2,0.4991394148020654,0.4965533285305862
"7,4",755,17.7,22.3,0.4991394148020654,0.4963922053057992
"7,4",756,17.7,22.4,0.4991394148020654,0.496231575337941
"7,4",757,18.1,22.0,0.4991394148020654,0.4960714371169722
"7,4",758,17.8,22.4,0.4991394148020654,0.4959117891374764
"7,4",759,17.9,22.5,0.4991394148020654,0.49575262989864566
"7,4",760,17.9,22.5,0.49827882960413084,0.4955939579042667
"7,4",761,18.1,22.3,0.49827882960413084,0.4954357716627066
"7,4",762,18.0,22.5,0.49827882960413084,0.4952780696868989
"7,4",763,18.0,22.5,0.49827882960413084,0.4951208504943296
"7,4",764,18.0,22.6,0.49827882960413084,0.49496411260702317
"7,4",765,18.0,22.6,0.49827882960413084,0.49480785455152876
"7,4",766,18.1,22.7,0.49827882960413084,0.4946520748589063
"7,4",767,18.1,22.8,0.4974182444061962,0.4944967720647126
"7,4",768,18.1,22.8,0.4974182444061962,0.4943419447089878
"7,4",769,18.1,22.8,0.4974182444061962,0.4941875913362413
"7,4",770,18.3,22.7,0.4974182444061962,0.4940337104954385
"7,4",771,18.3,22.8,0.4974182444061962,0.49388030073998684
"7,4",772,18.4,22.7,0.4965576592082616,0.4937273606277224
"7,4",773,18.3,22.8,0.4965576592082616,0.493574888720896
"7,4",774,18.9,22.1,0.4965576592082616,0.49342288358616027
"7,4",775,18.4,22.8,0.4965576592082616,0.49327134379455556
"7,4",776,18.5,22.8,0.4965576592082616,0.49312026792149705
"7,4",777,18.4,22.9,0.4965576592082616,0.4929696545467608
"7,4",778,18.4,22.8,0.4965576592082616,0.4928195022544709
"7,4",779,18.4,22.7,0.49569707401032703,0.4926698096330859
"7,4",780,18.4,22.6,0.49569707401032703,0.49252057527538556
"7,4",781,18.3,22.5,0.49569707401032703,0.49237179777845774
"7,4",782,18.3,22.4,0.49569707401032703,0.492223475743685
"7,4",783,18.3,22.3,0.49483648881239245,0.4920756077767317
"7,4",784,18.2,22.2,0.49483648881239245,0.4919281924875307
"7,4",785,18.2,22.2,0.49483648881239245,0.49178122849027034
"7,4",786,18.1,22.2,0.4939759036144578,0.49163471440338147
"7,4",787,18.4,21.8,0.4939759036144578,0.4914886488495245
"7,4",788,18.1,22.2,0.4939759036144578,0.4913430304555762
"7,4",789,18.0,22.2,0.4939759036144578,0.4911978578526172
"7,4",790,18.0,22.1,0.49311531841652323,0.49105312967591863
"7,4",791,18.5,21.4,0.49311531841652323,0.49090884456492984
"7,4",792,18.1,22.0,0.49311531841652323,0.49076500116326505
"7,4",793,18.1,22.0,0.49311531841652323,0.49062159811869105
"7,4",794,18.2,22.2,0.49311531841652323,0.4904786340831142
"7,4",795,18.2,22.3,0.49311531841652323,0.49033610771256797
"7,4",796,18.4,22.2,0.49225473321858865,0.49019401766720017
"7,4",797,18.3,22.5,0.49225473321858865,0.49005236261126034
"7,4",798,18.2,22.6,0.49225473321858865,0.48991114121308726
"7,4",799,18.3,22.9,0.49225473321858865,0.4897703521450964
"7,4",800,18.4,22.8,0.49225473321858865,0.48962999408376745
"7,4",801,18.4,22.9,0.49225473321858865,0.489490065709632
"7,4",802,18.5,23.1,0.49225473321858865,0.48935056570726077
"7,4",803,18.5,23.1,0.49225473321858865,0.4892114927652517
"7,4",804,18.7,23.0,0.49225473321858865,0.48907284557621733
"7,4",805,18.6,23.1,0.49139414802065406,0.4889346228367726
"7,4",806,18.6,23.2,0.49139414802065406,0.48879682324752255
"7,4",807,18.6,23.1,0.49139414802065406,0.48865944551305024
"7,4",808,19.0,22.6,0.49139414802065406,0.48852248834190437
"7,4",809,18.7,23.0,0.49139414802065406,0.4883859504465872
"7,4",810,18.8,23.1,0.49139414802065406,0.4882498305435427
"7,4",811,18.8,23.1,0.49139414802065406,0.48811412735314413
"7,4",812,19.1,22.8,0.4905335628227194,0.487978839599682
"7,4",813,18.8,23.1,0.4905335628227194,0.48784396601135266
"7,4",814,18.8,23.1,0.4905335628227194,0.4877095053202455
"7,4",815,18.8,23.2,0.4905335628227194,0.48757545626233156
"7,4",816,18.9,23.1,0.4905335628227194,0.4874418175774517
"7,4",817,18.9,23.0,0.4905335628227194,0.4873085880093044
"7,4",818,18.9,23.0,0.48967297762478484,0.48717576630543413
"7,4",819,19.0,23.2,0.48967297762478484,0.48704335121721976
"7,4",820,19.0,23.1,0.48967297762478484,0.4869113414998625
"7,4",821,19.0,22.9,0.48967297762478484,0.48677973591237433
"7,4",822,19.0,23.0,0.48967297762478484,0.48664853321756646
"7,4",823,19.0,22.9,0.48967297762478484,0.48651773218203753
"7,4",824,19.1,22.7,0.48881239242685026,0.486387331576162
"7,4",825,19.0,22.7,0.48881239242685026,0.4862573301740787
"7,4",826,18.9,22.8,0.48881239242685026,0.4861277267536794
"7,4",827,18.9,22.8,0.48881239242685026,0.485998520096597
"7,4",828,18.8,22.7,0.4879518072289157,0.48586970898819437
"7,4",829,19.0,22.4,0.4879518072289157,0.4857412922175528
"7,4",830,18.8,22.6,0.4879518072289157,0.4856132685774607
"7,4",831,18.7,22.7,0.48709122203098104,0.485485636864402
"7,4",832,18.7,22.7,0.48709122203098104,0.48535839587854535
"7,4",833,18.6,22.6,0.48709122203098104,0.4852315444237322
"7,4",834,18.8,22.4,0.48709122203098104,0.4851050813074661
"7,4",835,18.6,22.5,0.48623063683304646,0.48497900534090116
"7,4",836,18.6,22.5,0.48623063683304646,0.484853315338831
"7,4",837,18.5,22.5,0.48623063683304646,0.4847280101196777
"7,4",838,18.6,22.3,0.48623063683304646,0.4846030885054803
"7,4",839,18.6,22.3,0.48623063683304646,0.48447854932188433
"7,4",840,18.6,22.3,0.4853700516351119,0.48435439139813025
"7,4",841,18.6,22.4,0.4853700516351119,0.48423061356704267
"7,4",842,18.8,22.2,0.4853700516351119,0.48410721466501944
"7,4",843,18.7,22.5,0.4853700516351119,0.4839841935320205
"7,4",844,18.7,22.8,0.4853700516351119,0.4838615490115572
"7,4",845,18.7,23.0,0.4853700516351119,0.4837392799506812
"7,4",846,19.2,22.6,0.4853700516351119,0.4836173851999739
"7,4",847,18.7,23.4,0.4845094664371773,0.48349586361353536
"7,4",848,18.9,23.3,0.4845094664371773,0.48337471404897375
"7,4",849,18.8,23.6,0.4845094664371773,0.4832539353673945
"7,4",850,18.9,23.6,0.4845094664371773,0.4831335264333896
"7,4",851,18.9,23.7,0.4845094664371773,0.48301348611502687
"7,4",852,18.9,23.8,0.4845094664371773,0.4828938132838395
"7,4",853,18.9,23.9,0.4845094664371773,0.48277450681481526
"7,4",854,19.0,23.8,0.4845094664371773,0.48265556558638606
"7,4",855,19.0,23.8,0.4845094664371773,0.48253698848041715
"7,4",856,19.0,23.9,0.4836488812392427,0.4824187743821971
"7,4",857,19.1,23.9,0.4836488812392427,0.4823009221804268
"7,4",858,19.1,24.1,0.4836488812392427,0.48218343076720926
"7,4",859,19.2,24.1,0.4836488812392427,0.4820662990380392
"7,4",860,19.2,24.0,0.4836488812392427,0.4819495258917927
"7,4",861,19.2,24.1,0.4836488812392427,0.4818331102307166
"7,4",862,19.2,24.1,0.4836488812392427,0.4817170509604185
"7,4",863,19.3,24.0,0.4836488812392427,0.4816013469898564
"7,4",864,19.2,24.1,0.4827882960413081,0.4814859972313281
"7,4",865,19.4,24.2,0.4827882960413081,0.4813710006004617
"7,4",866,19.7,23.6,0.4827882960413081,0.4812563560162044
"7,4",867,19.7,23.7,0.4827882960413081,0.48114206240081336
"7,4",868,19.4,24.1,0.4827882960413081,0.48102811867984496
"7,4",869,19.4,24.0,0.4827882960413081,0.4809145237821447
"7,4",870,19.4,23.9,0.4819277108433735,0.4808012766398375
"7,4",871,19.8,23.1,0.4819277108433735,0.4806883761883173
"7,4",872,19.3,23.6,0.4819277108433735,0.4805758213662371
"7,4",873,19.2,23.5,0.4819277108433735,0.48046361111549934
"7,4",874,19.2,23.5,0.4819277108433735,0.4803517443812455
"7,4",875,19.1,23.3,0.4810671256454389,0.4802402201118463
"7,4",876,19.1,23.3,0.4810671256454389,0.4801290372588921
"7,4",877,19.0,23.2,0.4810671256454389,0.4800181947771826
"7,4",878,19.0,23.2,0.4802065404475043,0.47990769162471736
"7,4",879,18.9,23.1,0.4802065404475043,0.4797975267626859
"7,4",880,18.9,22.9,0.4802065404475043,0.47968769915545784
"7,4",881,18.8,22.9,0.4802065404475043,0.47957820777057325
"7,4",882,18.7,22.7,0.4793459552495697,0.47946905157873304
"7,4",883,18.7,22.7,0.4793459552495697,0.4793602295537891
"7,4",884,18.8,22.3,0.4793459552495697,0.4792517406727347
"7,4",885,18.9,22.0,0.4793459552495697,0.4791435839156949
"7,4",886,18.6,22.2,0.4784853700516351,0.4790357582659171
"7,4",887,18.5,22.3,0.4784853700516351,0.47892826270976124
"7,4",888,18.6,22.1,0.4784853700516351,0.47882109623669045
"7,4",889,18.5,22.3,0.4776247848537005,0.47871425783926136
"7,4",890,18.5,22.3,0.4776247848537005,0.47860774651311483
"7,4",891,18.5,22.1,0.4776247848537005,0.47850156125696647
"7,4",892,18.9,21.6,0.4776247848537005,0.4783957010725972
"7,4",893,18.4,22.1,0.4776247848537005,0.4782901649648437
"7,4",894,18.4,22.3,0.47676419965576594,0.47818495194158933
"7,4",895,18.3,22.4,0.47676419965576594,0.4780800610137547
"7,4",896,18.3,22.0,0.47676419965576594,0.4779754911952883
"7,4",897,18.4,22.0,0.47676419965576594,0.47787124150315724
"7,4",898,18.3,22.0,0.47676419965576594,0.47776731095733815
"7,4",899,18.3,22.0,0.4759036144578313,0.4776636985808078
"7,4",900,18.3,22.1,0.4759036144578313,0.4775604033995341
"7,4",901,18.3,21.6,0.4759036144578313,0.4774574244424666
"7,4",902,18.2,21.7,0.4759036144578313,0.4773547607415278
"7,4",903,18.2,21.7,0.4750430292598967,0.47725241133160373
"7,4",904,18.2,21.7,0.4750430292598967,0.47715037525053505
"7,4",905,18.5,21.3,0.4750430292598967,0.4770486515391079
"7,4",906,18.2,21.4,0.4750430292598967,0.47694723924104493
"7,4",907,18.2,21.2,0.4750430292598967,0.47684613740299625
"7,4",908,18.1,21.3,0.4750430292598967,0.4767453450745307
"7,4",909,18.1,21.2,0.47418244406196214,0.4766448613081265
"7,4",910,18.0,21.4,0.47418244406196214,0.47654468515916276
"7,4",911,17.9,21.0,0.47418244406196214,0.47644481568591035
"7,4",912,17.9,21.0,0.47332185886402756,0.47634525194952304
"7,4",913,17.8,20.9,0.47332185886402756,0.476245993014029
"7,4",914,17.7,20.6,0.47332185886402756,0.47614703794632135
"7,4",915,17.6,20.7,0.47332185886402756,0.4760483858161502
"7,4",916,17.5,20.4,0.4724612736660929,0.4759500356961132
"7,4",917,17.4,20.2,0.4724612736660929,0.47585198666164735
"7,4",918,17.5,20.0,0.47160068846815834,0.4757542377910199
"7,4",919,17.3,20.0,0.47160068846815834,0.47565678816531987
"7,4",920,17.2,20.0,0.47160068846815834,0.4755596368684495
"7,4",921,17.2,19.5,0.47160068846815834,0.4754627829871155
"7,4",922,17.5,19.0,0.47074010327022375,0.47536622561082037
"7,4",923,17.0,19.4,0.47074010327022375,0.47526996383185427
"7,4",924,16.8,19.5,0.47074010327022375,0.4751739967452859
"7,4",925,16.7,19.6,0.46987951807228917,0.4750783234489544
"7,4",926,16.7,19.1,0.46987951807228917,0.47498294304346084
"7,4",927,16.6,19.0,0.46987951807228917,0.4748878546321595
"7,4",928,16.5,19.0,0.4690189328743546,0.47479305732114974
"7,4",929,16.3,19.1,0.4690189328743546,0.4746985502192675
"7,4",930,16.3,18.8,0.4690189328743546,0.47460433243807676
"7,4",931,16.3,18.7,0.46815834767641995,0.47451040309186143
"7,4",932,16.1,18.6,0.46815834767641995,0.47441676129761695
"7,4",933,16.0,18.6,0.46815834767641995,0.4743234061750419
"7,4",934,15.9,18.9,0.46729776247848537,0.4742303368465297
"7,4",935,16.2,18.2,0.46729776247848537,0.47413755243716066
"7,4",936,15.9,18.6,0.46729776247848537,0.4740450520746934
"7,4",937,15.9,18.8,0.46729776247848537,0.4739528348895567
"7,4",938,16.1,19.1,0.46729776247848537,0.4738609000148416
"7,4",939,16.2,19.4,0.46729776247848537,0.473769246586293
"7,4",940,16.4,19.6,0.46729776247848537,0.4736778737423015
"7,4",941,16.6,20.3,0.46729776247848537,0.47358678062389564
"7,4",942,16.7,20.1,0.46729776247848537,0.47349596637473323
"7,4",943,16.7,20.4,0.46729776247848537,0.473405430141094
"7,4",944,16.9,20.3,0.46729776247848537,0.473315171071871
"7,4",945,17.0,20.5,0.46729776247848537,0.473225188318563
"7,4",946,17.2,20.4,0.46729776247848537,0.4731354810352661
"7,4",947,17.3,20.8,0.46815834767641995,0.4730460483786663
"7,4",948,17.4,20.6,0.46815834767641995,0.47295688950803116
"7,4",949,17.4,20.5,0.46815834767641995,0.472868003585202
"7,4",950,17.4,20.6,0.46729776247848537,0.47277938977458606
"7,4",951,17.5,20.6,0.46729776247848537,0.4726910472431487
"7,4",952,17.5,20.6,0.46729776247848537,0.47260297516040545
"7,4",953,17.5,20.4,0.46729776247848537,0.47251517269841425
"7,4",954,17.4,20.3,0.46729776247848537,0.4724276390317677
"7,4",955,17.5,20.3,0.46729776247848537,0.4723403733375853
"7,4",956,17.4,20.3,0.46729776247848537,0.47225337479550555
"7,4",957,17.6,20.2,0.46729776247848537,0.47216664258767854
"7,4",958,17.4,20.3,0.46729776247848537,0.47208017589875806
"7,4",959,17.4,20.0,0.4664371772805508,0.4719939739158938
"7,4",960,17.4,20.0,0.4664371772805508,0.4719080358287242
"7,4",961,17.7,19.6,0.4664371772805508,0.47182236082936824
"7,4",962,17.5,19.7,0.4664371772805508,0.47173694811241823
"7,4",963,17.4,19.4,0.4664371772805508,0.47165179687493214
"7,4",964,17.2,19.6,0.4655765920826162,0.47156690631642595
"7,4",965,17.1,19.5,0.4655765920826162,0.4714822756388663
"7,4",966,17.0,19.3,0.4655765920826162,0.4713979040466629
"7,4",967,16.9,19.7,0.46471600688468157,0.47131379074666097
"7,4",968,16.8,19.1,0.46471600688468157,0.4712299349481339
"7,4",969,16.7,19.0,0.46471600688468157,0.47114633586277593
"7,4",970,16.7,18.7,0.46471600688468157,0.47106299270469437
"7,4",971,16.5,18.8,0.463855421686747,0.4709799046904025
"7,4",972,16.3,19.0,0.463855421686747,0.4708970710388123
"7,4",973,16.3,18.5,0.463855421686747,0.4708144909712267
"7,4",974,16.7,17.9,0.4629948364888124,0.4707321637113326
"7,4",975,16.1,18.4,0.4629948364888124,0.4706500884851935
"7,4",976,16.0,18.4,0.4629948364888124,0.47056826452124234
"7,4",977,15.9,18.5,0.4621342512908778,0.47048669105027374
"7,4",978,15.9,18.1,0.4621342512908778,0.4704053673054376
"7,4",979,16.0,18.1,0.4621342512908778,0.47032429252223096
"7,4",980,16.0,18.5,0.4621342512908778,0.4702434659384917
"7,4",981,16.0,18.7,0.4621342512908778,0.47016288679439067
"7,4",982,16.0,18.6,0.4621342512908778,0.47008255433242496
"7,4",983,16.1,18.4,0.4621342512908778,0.4700024677974106
"7,4",984,16.1,18.9,0.4612736660929432,0.4699226264364756
"7,4",985,16.1,19.4,0.4612736660929432,0.4698430294990526
"7,4",986,16.2,19.9,0.4612736660929432,0.46976367623687226
"7,4",987,16.5,20.4,0.4621342512908778,0.4696845659039558
"7,4",988,16.8,21.0,0.4621342512908778,0.46960569775660815
"7,4",989,16.9,20.8,0.4621342512908778,0.469527071053411
"7,4",990,17.0,20.8,0.4621342512908778,0.4694486850552158
"7,4",991,17.0,20.8,0.4621342512908778,0.4693705390251368
"7,4",992,17.2,20.9,0.4621342512908778,0.46929263222854406
"7,4",993,17.2,21.0,0.4621342512908778,0.46921496393305673
"7,4",994,17.8,20.3,0.4621342512908778,0.469137533408536
"7,4",995,17.4,21.0,0.4621342512908778,0.46906033992707813
"7,4",996,17.7,20.9,0.4621342512908778,0.46898338276300805
"7,4",997,17.6,21.1,0.4629948364888124,0.46890666119287194
"7,4",998,17.7,21.1,0.4621342512908778,0.468830174495431
"7,4",999,17.7,21.1,0.4629948364888124,0.4687539219516543
"7,4",1000,18.2,20.5,0.4621342512908778,0.46867790284471195
"7,4",1001,17.9,21.0,0.4621342512908778,0.46860211645996885
"7,4",1002,17.9,21.0,0.4621342512908778,0.4685265620849775
"7,4",1003,17.9,21.0,0.4621342512908778,0.4684512390094714
"7,4",1004,18.0,21.0,0.4621342512908778,0.4683761465253585
"7,4",1005,18.0,21.0,0.4621342512908778,0.4683012839267146
"7,4",1006,18.0,21.2,0.4621342512908778,0.46822665050977635
"7,4",1007,18.0,21.3,0.4621342512908778,0.46815224557293506
"7,4",1008,18.0,21.3,0.4621342512908778,0.4680780684167299
"7,4",1009,18.1,21.2,0.4621342512908778,0.4680041183438412
"7,4",1010,18.1,21.2,0.4621342512908778,0.4679303946590842
"7,4",1011,18.1,21.2,0.4621342512908778,0.4678568966694023
"7,4",1012,18.2,21.1,0.4621342512908778,0.46778362368386056
"7,4",1013,18.3,20.9,0.4612736660929432,0.4677105750136394
"7,4",1014,18.1,21.0,0.4612736660929432,0.4676377499720277
"7,4",1015,18.1,20.9,0.4612736660929432,0.46756514787441683
"7,4",1016,18.1,20.8,0.4612736660929432,0.467492768038294
"7,4",1017,18.5,20.3,0.4612736660929432,0.46742060978323563
"7,4",1018,18.1,20.7,0.4612736660929432,0.4673486724309014
"7,4",1019,18.0,20.7,0.4604130808950086,0.4672769553050275
"7,4",1020,17.9,20.7,0.4604130808950086,0.4672054577314204
"7,4",1021,17.9,20.6,0.4604130808950086,0.46713417903795074
"7,4",1022,17.9,20.6,0.4604130808950086,0.46706311855454646
"7,4",1023,17.9,20.6,0.4604130808950086,0.46699227561318707
"7,4",1024,17.8,20.7,0.4604130808950086,0.4669216495478971
"7,4",1025,17.9,20.5,0.459552495697074,0.46685123969473974
"7,4",1026,17.9,20.5,0.459552495697074,0.4667810453918109
"7,4",1027,17.9,20.6,0.459552495697074,0.4667110659792328
"7,4",1028,18.0,20.9,0.459552495697074,0.4666413007991477
"7,4",1029,18.0,21.1,0.459552495697074,0.4665717491957117
"7,4",1030,18.3,21.2,0.459552495697074,0.466502410515089
"7,4",1031,18.1,21.4,0.459552495697074,0.46643328410544516
"7,4",1032,18.1,21.5,0.459552495697074,0.4663643693169414
"7,4",1033,18.1,21.5,0.459552495697074,0.4662956655017282
"7,4",1034,18.4,21.2,0.459552495697074,0.46622717201393943
"7,4",1035,18.1,21.4,0.459552495697074,0.46615888820968615
"7,4",1036,18.1,21.4,0.45869191049913943,0.4660908134470506
"7,4",1037,18.1,21.3,0.45869191049913943,0.4660229470860803
"7,4",1038,18.1,21.4,0.45869191049913943,0.4659552884887816
"7,4",1039,18.1,21.3,0.45869191049913943,0.4658878370191143
"7,4",1040,18.1,21.4,0.45869191049913943,0.46582059204298515
"7,4",1041,18.1,21.4,0.45869191049913943,0.46575355292824216
"7,4",1042,18.1,21.4,0.45869191049913943,0.46568671904466863
"7,4",1043,18.3,21.2,0.45869191049913943,0.465620089763977
"7,4",1044,18.2,21.5,0.45869191049913943,0.46555366445980345
"7,4",1045,18.2,21.5,0.45869191049913943,0.46548744250770135
"7,4",1046,18.2,21.5,0.4578313253012048,0.4654214232851359
"7,4",1047,18.6,21.1,0.4578313253012048,0.4653556061714782
"7,4",1048,18.3,21.6,0.4578313253012048,0.465289990547999
"7,4",1049,18.5,21.9,0.4578313253012048,0.4652245757978636
"7,4",1050,18.6,22.6,0.4578313253012048,0.46515936130612534
"7,4",1051,18.9,22.7,0.4578313253012048,0.46509434645972036
"7,4",1052,19.0,23.7,0.45869191049913943,0.46502953064746144
"7,4",1053,19.1,23.7,0.45869191049913943,0.46496491326003253
"7,4",1054,19.3,23.6,0.45869191049913943,0.4649004936899829
"7,4",1055,19.5,23.3,0.45869191049913943,0.4648362713317214
"7,4",1056,19.6,23.4,0.45869191049913943,0.46477224558151087
"7,4",1057,19.6,23.8,0.45869191049913943,0.4647084158374624
"7,4",1058,19.5,23.6,0.45869191049913943,0.4646447814995297
"7,4",1059,19.5,23.7,0.45869191049913943,0.46458134196950335
"7,4",1060,19.5,23.4,0.45869191049913943,0.4645180966510054
"7,4",1061,19.4,23.3,0.45869191049913943,0.4644550449494835
"7,4",1062,19.2,23.3,0.4578313253012048,0.4643921862722055
"7,4",1063,19.1,23.2,0.4578313253012048,0.46432952002825395
"7,4",1064,19.2,23.0,0.4578313253012048,0.4642670456285201
"7,4",1065,18.9,23.1,0.4578313253012048,0.464204762485699
"7,4",1066,18.8,23.0,0.4578313253012048,0.46414267001428344
"7,4",1067,18.7,22.9,0.4569707401032702,0.4640807676305588
"7,4",1068,19.1,22.2,0.4569707401032702,0.4640190547525973
"7,4",1069,18.5,22.7,0.4569707401032702,0.4639575308002527
"7,4",1070,18.4,22.8,0.45611015490533563,0.46389619519515496
"7,4",1071,18.4,22.7,0.45611015490533563,0.4638350473607043
"7,4",1072,18.3,22.6,0.45611015490533563,0.46377408672206644
"7,4",1073,18.2,22.5,0.45524956970740105,0.4637133127061667
"7,4",1074,18.2,22.5,0.45524956970740105,0.46365272474168495
"7,4",1075,18.2,22.5,0.45524956970740105,0.46359232225904984
"7,4",1076,18.2,22.6,0.45524956970740105,0.4635321046904339
"7,4",1077,18.2,22.6,0.45524956970740105,0.46347207146974784
"7,4",1078,18.1,22.6,0.45524956970740105,0.4634122220326355
"7,4",1079,18.1,22.6,0.45524956970740105,0.46335255581646834
"7,4",1080,18.1,22.5,0.45438898450946646,0.4632930722603402
"7,4",1081,18.2,22.2,0.45438898450946646,0.46323377080506223
"7,4",1082,18.0,22.5,0.45438898450946646,0.4631746508931573
"7,4",1083,17.9,22.5,0.45438898450946646,0.4631157119688549
"7,4",1084,17.9,22.5,0.45438898450946646,0.46305695347808606
"7,4",1085,17.9,22.5,0.4535283993115318,0.462998374868478
"7,4",1086,17.9,22.5,0.4535283993115318,0.4629399755893488
"7,4",1087,17.8,22.6,0.4535283993115318,0.46288175509170254
"7,4",1088,17.8,22.5,0.4535283993115318,0.46282371282822393
"7,4",1089,17.8,22.5,0.4535283993115318,0.46276584825327316
"7,4",1090,17.8,22.5,0.4535283993115318,0.46270816082288097
"7,4",1091,17.8,22.6,0.4535283993115318,0.4626506499947432
"7,4",1092,17.8,22.6,0.4535283993115318,0.462593315228216
"7,4",1093,17.8,22.6,0.45266781411359724,0.46253615598431064
"7,4",1094,18.1,22.3,0.45266781411359724,0.4624791717256883
"7,4",1095,17.9,22.7,0.45266781411359724,0.4624223619166553
"7,4",1096,17.9,22.7,0.45266781411359724,0.46236572602315784
"7,4",1097,18.0,22.7,0.45266781411359724,0.46230926351277707
"7,4",1098,18.1,22.6,0.45266781411359724,0.46225297385472397
"7,4",1099,18.3,23.9,,0.4621968565198347
"7,4",1100,18.3,23.9,,0.4621409109805652
"7,4",1101,18.3,23.9,,0.46208513671098633
"7,4",1102,18.3,23.9,,0.4620295331867793
"7,4",1103,18.3,23.9,,0.46197409988523014
"7,4",1104,18.3,23.9,,0.46191883628522534
"7,4",1105,18.3,23.9,,0.46186374186724655
"7,4",1106,18.3,23.9,,0.4618088161133659
"7,4",1107,18.3,23.9,,0.46175405850724116
"7,4",1108,18.3,23.9,,0.4616994685341107
"7,4",1109,18.3,23.9,,0.46164504568078885
"7,4",1110,18.3,23.9,,0.4615907894356609
"7,4",1111,18.3,23.9,,0.46153669928867846
"7,4",1112,18.3,23.9,,0.46148277473135463
"7,4",1113,18.3,23.9,,0.46142901525675895
"7,4",1114,18.3,23.9,,0.4613754203595131
"7,4",1115,18.3,23.9,,0.46132198953578585
"7,4",1116,18.3,23.9,,0.4612687222832883
"7,4",1117,18.3,23.9,,0.46121561810126926
"7,4",1118,18.3,23.9,,0.46116267649051057
"7,4",1119,18.3,23.9,,0.46110989695332233
"7,4",1120,18.3,23.9,,0.46105727899353827
"7,4",1121,18.3,23.9,,0.46100482211651106
"7,4",1122,18.3,23.9,,0.4609525258291077
"7,4",1123,18.3,23.9,,0.46090038963970464
"7,4",1124,18.3,23.9,,0.4608484130581837
"7,4",1125,18.3,23.9,,0.46079659559592695
"7,4",1126,18.3,23.9,,0.46074493676581224
"7,4",1127,18.3,23.9,,0.46069343608220886
"7,4",1128,18.3,23.9,,0.4606420930609726
"7,4",1129,18.3,23.9,,0.46059090721944146
"7,4",1130,18.3,23.9,,0.46053987807643115
"7,4",1131,18.3,23.9,,0.4604890051522303
"7,4",1132,18.3,23.9,,0.46043828796859626
"7,4",1133,18.3,23.9,,0.4603877260487503
"7,4",1134,18.3,23.9,,0.4603373189173734
"7,4",1135,18.3,23.9,,0.4602870661006016
"7,4",1136,18.3,23.9,,0.4602369671260217
"7,4",1137,18.3,23.9,,0.4601870215226666
"7,4",1138,18.3,23.9,,0.46013722882101116
"7,4",1139,18.3,23.9,,0.4600875885529674
"7,4",1140,18.3,23.9,,0.4600381002518806
"7,4",1141,18.3,23.9,,0.4599887634525244
"7,4",1142,18.3,23.9,,0.45993957769109683
"7,4",1143,18.3,23.9,,0.4598905425052157
"7,4",1144,18.3,23.9,,0.4598416574339144
"7,4",1145,18.3,23.9,,0.4597929220176375
"7,4",1146,18.3,23.9,,0.45974433579823637
"7,4",1147,18.3,23.9,,0.45969589831896496
"7,4",1148,18.3,23.9,,0.45964760912447555
"7,4",1149,18.3,23.9,,0.45959946776081434
"7,4",1150,18.3,23.9,,0.4595514737754173
"7,4",1151,18.3,23.9,,0.4595036267171058
"7,4",1152,18.3,23.9,,0.45945592613608255
"7,4",1153,18.3,23.9,,0.4594083715839271
"7,4",1154,18.3,23.9,,0.45936096261359183
"7,4",1155,18.3,23.9,,0.45931369877939776
"7,4",1156,18.3,23.9,,0.45926657963703027
"7,4",1157,18.3,23.9,,0.4592196047435349
"7,4",1158,18.3,23.9,,0.4591727736573133
"7,4",1159,18.3,23.9,,0.4591260859381189
"7,4",1160,18.3,23.9,,0.459079541147053
"7,4",1161,18.3,23.9,,0.4590331388465606
"7,4",1162,18.3,23.9,,0.458986878600426
"7,4",1163,18.3,23.9,,0.458940759973769
"7,4",1164,18.3,23.9,,0.4588947825330408
"7,4",1165,18.3,23.9,,0.4588489458460198
"7,4",1166,18.3,23.9,,0.4588032494818076
"7,4",1167,18.3,23.9,,0.4587576930108249
"7,4",1168,18.3,23.9,,0.4587122760048076
"7,4",1169,18.3,23.9,,0.4586669980368025
"7,4",1170,18.3,23.9,,0.45862185868116356
"7,4",1171,18.3,23.9,,0.45857685751354793
"7,4",1172,18.3,23.9,,0.4585319941109115
"7,4",1173,18.3,23.9,,0.45848726805150564
"7,4",1174,18.3,23.9,,0.4584426789148725
"7,4",1175,18.3,23.9,,0.4583982262818416
"7,4",1176,18.3,23.9,,0.4583539097345257
"7,4",1177,18.3,23.9,,0.4583097288563168
"7,4",1178,18.3,23.9,,0.45826568323188227
"7,4",1179,18.3,23.9,,0.45822177244716106
"7,4",1180,18.3,23.9,,0.45817799608935955
"7,4",1181,18.3,23.9,,0.45813435374694805
"7,4",1182,18.3,23.9,,0.45809084500965647
"7,4",1183,18.3,23.9,,0.45804746946847097
"7,4",1184,18.3,23.9,,0.45800422671562957
"7,4",1185,18.3,23.9,,0.4579611163446189
"7,4",1186,18.3,23.9,,0.4579181379501698
"7,4",1187,18.3,23.9,,0.45787529112825387
"7,4",1188,18.3,23.9,,0.45783257547607975
"7,4",1189,18.3,23.9,,0.45778999059208897
"7,4",1190,18.3,23.9,,0.4577475360759524
"7,4",1191,18.3,23.9,,0.45770521152856664
"7,4",1192,18.3,23.9,,0.4576630165520499
"7,4",1193,18.3,23.9,,0.4576209507497384
"7,4",1194,18.3,23.9,,0.45757901372618304
"7,4",1195,18.3,23.9,,0.4575372050871449
"7,4",1196,18.3,23.9,,0.45749552443959224
"7,4",1197,18.3,23.9,,0.4574539713916965
"7,4",1198,18.3,23.9,,0.45741254555282856
"7,4",1199,18.3,23.9,,0.45737124653355526
"7,4",1200,18.3,23.9,,0.4573300739456356
"7,4",1201,18.3,23.9,,0.457289027402017
"7,4",1202,18.3,23.9,,0.457248106516832
"7,4",1203,18.3,23.9,,0.4572073109053943
"7,4",1204,18.3,23.9,,0.45716664018419534
"7,4",1205,18.3,23.9,,0.4571260939709005
"7,4",1206,18.3,23.9,,0.45708567188434573
"7,4",1207,18.3,23.9,,0.4570453735445338
"7,4",1208,18.3,23.9,,0.4570051985726309
"7,4",1209,18.3,23.9,,0.45696514659096277
"7,4",1210,18.3,23.9,,0.45692521722301155
"7,4",1211,18.3,23.9,,0.45688541009341194
"7,4",1212,18.3,23.9,,0.4568457248279477
"7,4",1213,18.3,23.9,,0.45680616105354843
"7,4",1214,18.3,23.9,,0.45676671839828564
"7,4",1215,18.3,23.9,,0.4567273964913694
"7,4",1216,18.3,23.9,,0.4566881949631451
"7,4",1217,18.3,23.9,,0.4566491134450897
"7,4",1218,18.3,23.9,,0.4566101515698083
"7,4",1219,18.3,23.9,,0.45657130897103065
"7,4",1220,18.3,23.9,,0.456532585283608
"7,4",1221,18.3,23.9,,0.45649398014350934
"7,4",1222,18.3,23.9,,0.45645549318781803
"7,4",1223,18.3,23.9,,0.4564171240547286
"7,4",1224,18.3,23.9,,0.4563788723835431
"7,4",1225,18.3,23.9,,0.4563407378146677
"7,4",1226,18.3,23.9,,0.4563027199896097
"7,4",1227,18.3,23.9,,0.4562648185509736
"7,4",1228,18.3,23.9,,0.4562270331424582
"7,4",1229,18.3,23.9,,0.45618936340885297
"7,4",1230,18.3,23.9,,0.45615180899603486
"7,4",1231,18.3,23.9,,0.4561143695509649
"7,4",1232,18.3,23.9,,0.4560770447216849
"7,4",1233,18.3,23.9,,0.45603983415731414
"7,4",1234,18.3,23.9,,0.45600273750804604
"7,4",1235,18.3,23.9,,0.455965754425145
"7,4",1236,18.3,23.9,,0.45592888456094294
"7,4",1237,18.3,23.9,,0.4558921275688361
"7,4",1238,18.3,23.9,,0.455855483103282
"7,4",1239,18.3,23.9,,0.45581895081979573
"7,4",1240,18.3,23.9,,0.4557825303749471
"7,4",1241,18.3,23.9,,0.45574622142635723
"7,4",1242,18.3,23.9,,0.45571002363269547
"7,4",1243,18.3,23.9,,0.45567393665367606
"7,4",1244,18.3,23.9,,0.455637960150055
"7,4",1245,18.3,23.9,,0.45560209378362676
"7,4",1246,18.3,23.9,,0.4555663372172213
"7,4",1247,18.3,23.9,,0.4555306901147007
"7,4",1248,18.3,23.9,,0.45549515214095615
"7,4",1249,18.3,23.9,,0.4554597229619046
"7,4",1250,18.3,23.9,,0.4554244022444859
"7,4",1251,18.3,23.9,,0.4553891896566594
"7,4",1252,18.3,23.9,,0.45535408486740103
"7,4",1253,18.3,23.9,,0.45531908754670014
"7,4",1254,18.3,23.9,,0.45528419736555614
"7,4",1255,18.3,23.9,,0.4552494139959759
"7,4",1256,18.3,23.9,,0.4552147371109703
"7,4",1257,18.3,23.9,,0.45518016638455117
"7,4",1258,18.3,23.9,,0.45514570149172845
"7,4",1259,18.3,23.9,,0.45511134210850684
"7,4",1260,18.3,23.9,,0.455077087911883
"7,4",1261,18.3,23.9,,0.4550429385798425
"7,4",1262,18.3,23.9,,0.4550088937913565
"7,4",1263,18.3,23.9,,0.45497495322637915
"7,4",1264,18.3,23.9,,0.4549411165658443
"7,4",1265,18.3,23.9,,0.4549073834916625
"7,4",1266,18.3,23.9,,0.4548737536867182
"7,4",1267,18.3,23.9,,0.45484022683486663
"7,4",1268,18.3,23.9,,0.4548068026209308
"7,4",1269,18.3,23.9,,0.45477348073069873
"7,4",1270,18.3,23.9,,0.4547402608509201
"7,4",1271,18.3,23.9,,0.4547071426693039
"7,4",1272,18.3,23.9,,0.4546741258745149
"7,4",1273,18.3,23.9,,0.45464121015617104
"7,4",1274,18.3,23.9,,0.4546083952048405
"7,4",1275,18.3,23.9,,0.4545756807120387
"7,4",1276,18.3,23.9,,0.45454306637022546
"7,4",1277,18.3,23.9,,0.45451055187280215
"7,4",1278,18.3,23.9,,0.4544781369141086
"7,4",1279,18.3,23.9,,0.45444582118942056
"7,4",1280,18.3,23.9,,0.4544136043949465
"7,4",1281,18.3,23.9,,0.45438148622782504
"7,4",1282,18.3,23.9,,0.4543494663861218
"7,4",1283,18.3,23.9,,0.4543175445688269
"7,4",1284,18.3,23.9,,0.4542857204758519
"7,4",1285,18.3,23.9,,0.454253993808027
"7,4",1286,18.3,23.9,,0.4542223642670983
"7,4",1287,18.3,23.9,,0.454190831555725
"7,4",1288,18.3,23.9,,0.4541593953774764
"7,4",1289,18.3,23.9,,0.4541280554368296
"7,4",1290,18.3,23.9,,0.45409681143916614
"7,4",1291,18.3,23.9,,0.4540656630907695
"7,4",1292,18.3,23.9,,0.4540346100988225
"7,4",1293,18.3,23.9,,0.4540036521714043
"7,4",1294,18.3,23.9,,0.45397278901748767
"7,4",1295,18.3,23.9,,0.4539420203469363
"7,4",1296,18.3,23.9,,0.4539113458705023
"7,4",1297,18.3,23.9,,0.4538807652998231
"7,4",1298,18.3,23.9,,0.45385027834741887
"7,4",1299,18.3,23.9,,0.45381988472669005
"7,4",1300,18.3,23.9,,0.4537895841519143
"7,4",1301,18.3,23.9,,0.45375937633824404
"7,4",1302,18.3,23.9,,0.45372926100170374
"7,4",1303,18.3,23.9,,0.45369923785918714
"7,4",1304,18.3,23.9,,0.4536693066284548
"7,4",1305,18.3,23.9,,0.4536394670281312
"7,4",1306,18.3,23.9,,0.4536097187777022
"7,4",1307,18.3,23.9,,0.4535800615975125
"7,4",1308,18.3,23.9,,0.453550495208763
"7,4",1309,18.3,23.9,,0.4535210193335079
"7,4",1310,18.3,23.9,,0.4534916336946524
"7,4",1311,18.3,23.9,,0.45346233801595004
"7,4",1312,18.3,23.9,,0.4534331320219999
"7,4",1313,18.3,23.9,,0.4534040154382444
"7,4",1314,18.3,23.9,,0.4533749879909662
"7,4",1315,18.3,23.9,,0.4533460494072862
"7,4",1316,18.3,23.9,,0.45331719941516035
"7,4",1317,18.3,23.9,,0.4532884377433777
"7,4",1318,18.3,23.9,,0.4532597641215575
"7,4",1319,18.3,23.9,,0.4532311782801467
"7,4",1320,18.3,23.9,,0.4532026799504174
"7,4",1321,18.3,23.9,,0.4531742688644646
"7,4",1322,18.3,23.9,,0.45314594475520314
"7,4",1323,18.3,23.9,,0.4531177073563657
"7,4",1324,18.3,23.9,,0.45308955640250015
"7,4",1325,18.3,23.9,,0.4530614916289668
"7,4",1326,18.3,23.9,,0.45303351277193626
"7,4",1327,18.3,23.9,,0.45300561956838686
"7,4",1328,18.3,23.9,,0.45297781175610197
"7,4",1329,18.3,23.9,,0.4529500890736679
"7,4",1330,18.3,23.9,,0.4529224512604711
"7,4",1331,18.3,23.9,,0.45289489805669586
"7,4",1332,18.3,23.9,,0.45286742920332196
"7,4",1333,18.3,23.9,,0.452840044442122
"7,4",1334,18.3,23.9,,0.45281274351565926
"7,4",1335,18.3,23.9,,0.452785526167285
"7,4",1336,18.3,23.9,,0.4527583921411362
"7,4",1337,18.3,23.9,,0.4527313411821332
"7,4",1338,18.3,23.9,,0.4527043730359772
"7,4",1339,18.3,23.9,,0.4526774874491478
"7,4",1340,18.3,23.9,,0.4526506841689009
"7,4",1341,18.3,23.9,,0.452623962943266
"7,4",1342,18.3,23.9,,0.45259732352104404
"7,4",1343,18.3,23.9,,0.4525707656518049
"7,4",1344,18.3,23.9,,0.45254428908588523
"7,4",1345,18.3,23.9,,0.4525178935743859
"7,4",1346,18.3,23.9,,0.45249157886916974
"7,4",1347,18.3,23.9,,0.4524653447228593
"7,4",1348,18.3,23.9,,0.45243919088883444
"7,4",1349,18.3,23.9,,0.45241311712122995
"7,4",1350,18.3,23.9,,0.4523871231749333
"7,4",1351,18.3,23.9,,0.4523612088055824
"7,4",1352,18.3,23.9,,0.4523353737695632
"7,4",1353,18.3,23.9,,0.4523096178240074
"7,4",1354,18.3,23.9,,0.4522839407267904
"7,4",1355,18.3,23.9,,0.45225834223652855
"7,4",1356,18.3,23.9,,0.4522328221125773
"7,4",1357,18.3,23.9,,0.4522073801150289
"7,4",1358,18.3,23.9,,0.4521820160047099
"7,4",1359,18.3,23.9,,0.45215672954317915
"7,4",1360,18.3,23.9,,0.4521315204927253
"7,4",1361,18.3,23.9,,0.45210638861636493
"7,4",1362,18.3,23.9,,0.4520813336778399
"7,4",1363,18.3,23.9,,0.45205635544161554
"7,4",1364,18.3,23.9,,0.45203145367287806
"7,4",1365,18.3,23.9,,0.4520066281375327
"7,4",1366,18.3,23.9,,0.4519818786022012
"7,4",1367,18.3,23.9,,0.4519572048342198
"7,4",1368,18.3,23.9,,0.4519326066016371
"7,4",1369,18.3,23.9,,0.4519080836732116
"7,4",1370,18.3,23.9,,0.45188363581840985
"7,4",1371,18.3,23.9,,0.4518592628074042
"7,4",1372,18.3,23.9,,0.4518349644110704
"7,4",1373,18.3,23.9,,0.45181074040098584
"7,4",1374,18.3,23.9,,0.451786590549427
"7,4",1375,18.3,23.9,,0.4517625146293677
"7,4",1376,18.3,23.9,,0.4517385124144765
"7,4",1377,18.3,23.9,,0.4517145836791152
"7,4",1378,18.3,23.9,,0.45169072819833606
"7,4",1379,18.3,23.9,,0.45166694574788013
"7,4",1380,18.3,23.9,,0.45164323610417495
"7,4",1381,18.3,23.9,,0.4516195990443326
"7,4",1382,18.3,23.9,,0.45159603434614726
"7,4",1383,18.3,23.9,,0.45157254178809364
"7,4",1384,18.3,23.9,,0.45154912114932444
"7,4",1385,18.3,23.9,,0.45152577220966855
"7,4",1386,18.3,23.9,,0.45150249474962884
"7,4",1387,18.3,23.9,,0.45147928855038016
"7,4",1388,18.3,23.9,,0.4514561533937672
"7,4",1389,18.3,23.9,,0.45143308906230256
"7,4",1390,18.3,23.9,,0.4514100953391647
"7,4",1391,18.3,23.9,,0.4513871720081957
"7,4",1392,18.3,23.9,,0.4513643188538996
"7,4",1393,18.3,23.9,,0.4513415356614399
"7,4",1394,18.3,23.9,,0.45131882221663794
"7,4",1395,18.3,23.9,,0.4512961783059708
"7,4",1396,18.3,23.9,,0.451273603716569
"7,4",1397,18.3,23.9,,0.451251098236215
"7,4",1398,18.3,23.9,,0.45122866165334075
"7,4",1399,18.3,23.9,,0.451206293757026
"7,4",1400,18.3,23.9,,0.451183994336996
"7,4",1401,18.3,23.9,,0.4511617631836201
"7,4",1402,18.3,23.9,,0.45113960008790904
"7,4",1403,18.3,23.9,,0.45111750484151353
"7,4",1404,18.3,23.9,,0.4510954772367221
"7,4",1405,18.3,23.9,,0.4510735170664591
"7,4",1406,18.3,23.9,,0.4510516241242829
"7,4",1407,18.3,23.9,,0.45102979820438377
"7,4",1408,18.3,23.9,,0.45100803910158216
"7,4",1409,18.3,23.9,,0.4509863466113265
"7,4",1410,18.3,23.9,,0.45096472052969155
"7,4",1411,18.3,23.9,,0.4509431606533763
"7,4",1412,18.3,23.9,,0.45092166677970213
"7,4",1413,18.3,23.9,,0.4509002387066109
"7,4",1414,18.3,23.9,,0.45087887623266304
"7,4",1415,18.3,23.9,,0.4508575791570356
"7,4",1416,18.3,23.9,,0.4508363472795206
"7,4",1417,18.3,23.9,,0.4508151804005227
"7,4",1418,18.3,23.9,,0.4507940783210579
"7,4",1419,18.3,23.9,,0.4507730408427511
"7,4",1420,18.3,23.9,,0.4507520677678346
"7,4",1421,18.3,23.9,,0.4507311588991462
"7,4",1422,18.3,23.9,,0.45071031404012724
"7,4",1423,18.3,23.9,,0.45068953299482073
"7,4",1424,18.3,23.9,,0.45066881556786964
"7,4",1425,18.3,23.9,,0.45064816156451504
"7,4",1426,18.3,23.9,,0.4506275707905942
"7,4",1427,18.3,23.9,,0.4506070430525386
"7,4",1428,18.3,23.9,,0.4505865781573727
"7,4",1429,18.3,23.9,,0.45056617591271136
"7,4",1430,18.3,23.9,,0.4505458361267586
"7,4",1431,18.3,23.9,,0.4505255586083055
"7,4",1432,18.3,23.9,,0.45050534316672863
"7,4",1433,18.3,23.9,,0.45048518961198797
"7,4",1434,18.3,23.9,,0.45046509775462534
"7,4",1435,18.3,23.9,,0.4504450674057627
"7,4",1436,18.3,23.9,,0.45042509837709993
"7,4",1437,18.3,23.9,,0.45040519048091365
"7,4",1438,18.3,23.9,,0.45038534353005505
"7,4",1439,18.3,23.9,,0.45036555733794825
"7,4",1440,18.3,23.9,,0.45034583171858855
"7,4",1441,18.3,23.9,,0.4503261664865408
"7,4",1442,18.3,23.9,,0.4503065614569372
"7,4",1443,18.3,23.9,,0.45028701644547636
"7,4",1444,18.3,23.9,,0.4502675312684207
"7,4",1445,18.3,23.9,,0.4502481057425954
"7,4",1446,18.3,23.9,,0.4502287396853862
"7,4",1447,18.3,23.9,,0.45020943291473803
"7,4",1448,18.3,23.9,,0.45019018524915316
"7,4",1449,18.3,23.9,,0.4501709965076894
"7,4",1450,18.3,23.9,,0.45015186650995853
"7,4",1451,18.3,23.9,,0.4501327950761245
"7,4",1452,18.3,23.9,,0.45011378202690205
"7,4",1453,18.3,23.9,,0.4500948271835545
"7,4",1454,18.3,23.9,,0.45007593036789245
"7,4",1455,18.3,23.9,,0.45005709140227196
"7,4",1456,18.3,23.9,,0.450038310109593
"7,4",1457,18.3,23.9,,0.4500195863132977
"7,4",1458,18.3,23.9,,0.4500009198373686
"7,4",1459,18.3,23.9,,0.44998231050632725
"7,4",1460,18.3,23.9,,0.44996375814523226
"7,4",1461,18.3,23.9,,0.4499452625796778
"7,4",1462,18.3,23.9,,0.4499268236357922
"7,4",1463,18.3,23.9,,0.4499084411402357
"7,4",1464,18.3,23.9,,0.4498901149201995
"7,4",1465,18.3,23.9,,0.44987184480340364
"7,4",1466,18.3,23.9,,0.4498536306180957
"7,4",1467,18.3,23.9,,0.449835472193049
"7,4",1468,18.3,23.9,,0.449817369357561
"7,4",1469,18.3,23.9,,0.44979932194145184
"7,4",1470,18.3,23.9,,0.44978132977506263
"7,4",1471,18.3,23.9,,0.4497633926892538
"7,4",1472,18.3,23.9,,0.4497455105154036
"7,4",1473,18.3,23.9,,0.44972768308540656
"7,4",1474,18.3,23.9,,0.44970991023167173
"7,4",1475,18.3,23.9,,0.4496921917871213
"7,4",1476,18.3,23.9,,0.4496745275851889
"7,4",1477,18.3,23.9,,0.4496569174598182
"7,4",1478,18.3,23.9,,0.44963936124546094
"7,4",1479,18.3,23.9,,0.449621858777076
"7,4",1480,18.3,23.9,,0.44960440989012734
"7,4",1481,18.3,23.9,,0.4495870144205827
"7,4",1482,18.3,23.9,,0.4495696722049118
"7,4",1483,18.3,23.9,,0.4495523830800852
"7,4",1484,18.3,23.9,,0.4495351468835725
"7,4",1485,18.3,23.9,,0.4495179634533408
"7,4",1486,18.3,23.9,,0.44950083262785323
"7,4",1487,18.3,23.9,,0.44948375424606757
"7,4",1488,18.3,23.9,,0.4494667281474345
"7,4",1489,18.3,23.9,,0.44944975417189625
"7,4",1490,18.3,23.9,,0.44943283215988494
"7,4",1491,18.3,23.9,,0.4494159619523214
"7,4",1492,18.3,23.9,,0.44939914339061326
"7,4",1493,18.3,23.9,,0.44938237631665373
"7,4",1494,18.3,23.9,,0.44936566057282
"7,4",1495,18.3,23.9,,0.449348996001972
"7,4",1496,18.3,23.9,,0.44933238244745033
"7,4",1497,18.3,23.9,,0.4493158197530756
"7,4",1498,18.3,23.9,,0.4492993077631463
"7,4",1499,18.3,23.9,,0.44928284632243765
"7,4",1500,18.3,23.9,,0.4492664352762
"7,4",1501,18.3,23.9,,0.44925007447015763
"7,4",1502,18.3,23.9,,0.44923376375050683
"7,4",1503,18.3,23.9,,0.44921750296391505
"7,4",1504,18.3,23.9,,0.44920129195751884
"7,4",1505,18.3,23.9,,0.449185130578923
"7,4",1506,18.3,23.9,,0.4491690186761987
"7,4",1507,18.3,23.9,,0.4491529560978822
"7,4",1508,18.3,23.9,,0.44913694269297355
"7,4",1509,18.3,23.9,,0.4491209783109351
"7,4",1510,18.3,23.9,,0.4491050628016899
"7,4",1511,18.3,23.9,,0.4490891960156205
"7,4",1512,18.3,23.9,,0.44907337780356743
"7,4",1513,18.3,23.9,,0.4490576080168281
"7,4",1514,18.3,23.9,,0.4490418865071548
"7,4",1515,18.3,23.9,,0.449026213126754
"7,4",1516,18.3,23.9,,0.4490105877282843
"7,4",1517,18.3,23.9,,0.4489950101648556
"7,4",1518,18.3,23.9,,0.4489794802900273
"7,4",1519,18.3,23.9,,0.4489639979578074
"7,4",1520,18.3,23.9,,0.44894856302265046
"7,4",1521,18.3,23.9,,0.4489331753394568
"7,4",1522,18.3,23.9,,0.4489178347635711
"7,4",1523,18.3,23.9,,0.44890254115078054
"7,4",1524,18.3,23.9,,0.4488872943573141
"7,4",1525,18.3,23.9,,0.44887209423984065
"7,4",1526,18.3,23.9,,0.44885694065546805
"7,4",1527,18.3,23.9,,0.44884183346174145
"7,4",1528,18.3,23.9,,0.44882677251664216
"7,4",1529,18.3,23.9,,0.44881175767858633
"7,4",1530,18.3,23.9,,0.4487967888064235
"7,4",1531,18.3,23.9,,0.44878186575943524
"7,4",1532,18.3,23.9,,0.44876698839733403
"7,4",1533,18.3,23.9,,0.44875215658026174
"7,4",1534,18.3,23.9,,0.4487373701687885
"7,4",1535,18.3,23.9,,0.4487226290239112
"7,4",1536,18.3,23.9,,0.44870793300705225
"7,4",1537,18.3,23.9,,0.44869328198005837
"7,4",1538,18.3,23.9,,0.44867867580519916
"7,4",1539,18.3,23.9,,0.44866411434516584
"7,4",1540,18.3,23.9,,0.44864959746307015
"7,4",1541,18.3,23.9,,0.4486351250224427
"7,4",1542,18.3,23.9,,0.44862069688723194
"7,4",1543,18.3,23.9,,0.4486063129218028
"7,4",1544,18.3,23.9,,0.4485919729909356
"7,4",1545,18.3,23.9,,0.4485776769598244
"7,4",1546,18.3,23.9,,0.44856342469407606
"7,4",1547,18.3,23.9,,0.4485492160597089
"7,4",1548,18.3,23.9,,0.44853505092315127
"7,4",1549,18.3,23.9,,0.44852092915124053
"7,4",1550,18.3,23.9,,0.4485068506112218
"7,4",1551,18.3,23.9,,0.44849281517074635
"7,4",1552,18.3,23.9,,0.44847882269787087
"7,4",1553,18.3,23.9,,0.4484648730610558
"7,4",1554,18.3,23.9,,0.4484509661291644
"7,4",1555,18.3,23.9,,0.4484371017714613
"7,4",1556,18.3,23.9,,0.4484232798576114
"7,4",1557,18.3,23.9,,0.44840950025767856
"7,4",1558,18.3,23.9,,0.44839576284212457
"7,4",1559,18.3,23.9,,0.4483820674818075
"7,4",1560,18.3,23.9,,0.44836841404798106
"7,4",1561,18.3,23.9,,0.4483548024122929
"7,4",1562,18.3,23.9,,0.44834123244678376
"7,4",1563,18.3,23.9,,0.44832770402388594
"7,4",1564,18.3,23.9,,0.4483142170164225
"7,4",1565,18.3,23.9,,0.44830077129760554
"7,4",1566,18.3,23.9,,0.44828736674103553
"7,4",1567,18.3,23.9,,0.4482740032206999
"7,4",1568,18.3,23.9,,0.44826068061097163
"7,4",1569,18.3,23.9,,0.4482473987866085
"7,4",1570,18.3,23.9,,0.4482341576227517
"7,4",1571,18.3,23.9,,0.44822095699492454
"7,4",1572,18.3,23.9,,0.44820779677903144
"7,4",1573,18.3,23.9,,0.4481946768513568
"7,4",1574,18.3,23.9,,0.4481815970885636
"7,4",1575,18.3,23.9,,0.44816855736769257
"7,4",1576,18.3,23.9,,0.44815555756616077
"7,4",1577,18.3,23.9,,0.4481425975617606
"7,4",1578,18.3,23.9,,0.44812967723265845
"7,4",1579,18.3,23.9,,0.4481167964573938
"7,4",1580,18.3,23.9,,0.44810395511487794
"7,4",1581,18.3,23.9,,0.44809115308439285
"7,4",1582,18.3,23.9,,0.44807839024559004
"7,4",1583,18.3,23.9,,0.44806566647848955
"7,4",1584,18.3,23.9,,0.4480529816634786
"7,4",1585,18.3,23.9,,0.4480403356813107
"7,4",1586,18.3,23.9,,0.4480277284131043
"7,4",1587,18.3,23.9,,0.4480151597403419
"7,4",1588,18.3,23.9,,0.4480026295448687
"7,4",1589,18.3,23.9,,0.44799013770889173
"7,4",1590,18.3,23.9,,0.4479776841149787
"7,4",1591,18.3,23.9,,0.4479652686460565
"7,4",1592,18.3,23.9,,0.4479528911854108
"7,4",1593,18.3,23.9,,0.44794055161668433
"7,4",1594,18.3,23.9,,0.44792824982387613
"7,4",1595,18.3,23.9,,0.4479159856913404
"7,4",1596,18.3,23.9,,0.4479037591037852
"7,4",1597,18.3,23.9,,0.4478915699462718
"7,4",1598,18.3,23.9,,0.44787941810421306
"7,4",1599,18.3,23.9,,0.44786730346337283
